startDate,endDate,startPrice,endPrice,increase,pctIncrease
3/3/2022,3/5/2022,3.586,3.776,0.190,5
3/1/2026,3/3/2026,2.780,2.929,0.149,5
3/6/2022,3/8/2022,3.811,3.943,0.132,3
6/8/2022,6/9/2022,4.764,4.857,0.093,2
6/5/2022,6/7/2022,4.645,4.736,0.091,2
2/11/2024,2/13/2024,2.958,3.040,0.082,3
9/7/2023,9/8/2023,4.011,4.085,0.074,2
8/1/2022,8/3/2022,4.407,4.336,-0.071,-2
3/2/2022,3/3/2022,3.516,3.586,0.070,2
11/27/2022,11/29/2022,3.605,3.537,-0.068,-2
9/10/2023,9/12/2023,4.117,4.185,0.068,2
12/11/2022,12/13/2022,3.167,3.101,-0.066,-2
10/26/2023,10/27/2023,3.802,3.742,-0.060,-2
7/30/2023,8/1/2023,3.860,3.918,0.058,2
6/2/2022,6/3/2022,4.520,4.576,0.056,1
12/9/2022,12/10/2022,3.226,3.170,-0.056,-2
12/7/2022,12/8/2022,3.309,3.254,-0.055,-2
12/4/2022,12/6/2022,3.412,3.359,-0.053,-2
3/3/2026,3/4/2026,2.929,2.981,0.052,2
7/24/2022,7/26/2022,4.613,4.563,-0.050,-1
6/22/2025,6/24/2025,3.235,3.285,0.050,2
3/8/2022,3/9/2022,3.943,3.993,0.050,1
12/6/2022,12/7/2022,3.359,3.309,-0.050,-1
1/22/2023,1/24/2023,3.133,3.183,0.050,2
11/9/2023,11/10/2023,3.480,3.430,-0.050,-1
10/2/2022,10/4/2022,3.939,3.988,0.049,1
3/3/2024,3/5/2024,3.261,3.310,0.049,2
3/9/2025,3/11/2025,3.148,3.099,-0.049,-2
7/21/2022,7/22/2022,4.679,4.631,-0.048,-1
2/22/2026,2/24/2026,2.725,2.772,0.047,2
1/19/2025,1/21/2025,2.861,2.907,0.046,2
7/20/2022,7/21/2022,4.725,4.679,-0.046,-1
7/27/2022,7/28/2022,4.547,4.501,-0.046,-1
8/5/2022,8/6/2022,4.334,4.288,-0.046,-1
7/29/2022,7/30/2022,4.467,4.422,-0.045,-1
11/19/2023,11/21/2023,3.314,3.269,-0.045,-1
12/1/2024,12/3/2024,2.906,2.861,-0.045,-2
9/18/2025,9/19/2025,3.215,3.170,-0.045,-1
10/25/2022,10/26/2022,3.972,3.928,-0.044,-1
12/13/2022,12/14/2022,3.101,3.057,-0.044,-1
12/6/2023,12/7/2023,3.118,3.074,-0.044,-1
10/5/2025,10/7/2025,3.121,3.077,-0.044,-1
9/8/2024,9/10/2024,3.403,3.360,-0.043,-1
6/15/2025,6/17/2025,3.186,3.229,0.043,1
9/20/2025,9/21/2025,3.152,3.195,0.043,1
10/31/2023,11/1/2023,3.705,3.663,-0.042,-1
11/13/2023,11/15/2023,3.402,3.360,-0.042,-1
5/10/2022,5/12/2022,4.229,4.271,0.042,1
9/28/2025,9/30/2025,3.147,3.106,-0.041,-1
7/12/2022,7/13/2022,4.852,4.812,-0.040,-1
11/20/2022,11/22/2022,3.715,3.675,-0.040,-1
10/4/2025,10/5/2025,3.081,3.121,0.040,1
12/7/2025,12/9/2025,2.959,2.919,-0.040,-1
9/27/2023,9/28/2023,4.171,4.132,-0.039,-1
3/1/2022,3/2/2022,3.477,3.516,0.039,1
11/5/2023,11/7/2023,3.575,3.536,-0.039,-1
11/7/2023,11/8/2023,3.536,3.497,-0.039,-1
3/17/2024,3/19/2024,3.462,3.501,0.039,1
4/26/2025,4/27/2025,3.175,3.136,-0.039,-1
6/13/2021,6/15/2021,2.973,3.011,0.038,1
5/15/2022,5/17/2022,4.282,4.320,0.038,1
5/31/2022,6/1/2022,4.450,4.488,0.038,1
6/3/2022,6/4/2022,4.576,4.614,0.038,1
4/12/2023,4/13/2023,3.328,3.366,0.038,1
11/22/2022,11/23/2022,3.675,3.637,-0.038,-1
12/8/2024,12/10/2024,2.843,2.805,-0.038,-1
5/3/2022,5/7/2022,4.172,4.209,0.037,1
7/10/2022,7/12/2022,4.889,4.852,-0.037,-1
7/23/2023,7/25/2023,3.755,3.792,0.037,1
1/30/2024,1/31/2024,2.822,2.859,0.037,1
9/21/2025,9/23/2025,3.195,3.158,-0.037,-1
8/30/2022,8/31/2022,4.097,4.061,-0.036,-1
11/29/2022,11/30/2022,3.537,3.501,-0.036,-1
1/5/2023,1/6/2023,2.962,2.998,0.036,1
1/24/2023,1/25/2023,3.183,3.219,0.036,1
2/18/2024,2/19/2024,3.096,3.132,0.036,1
3/5/2022,3/6/2022,3.776,3.811,0.035,1
10/9/2023,10/11/2023,3.995,3.960,-0.035,-1
10/22/2023,10/24/2023,3.878,3.843,-0.035,-1
11/21/2023,11/22/2023,3.269,3.234,-0.035,-1
11/26/2023,11/28/2023,3.200,3.165,-0.035,-1
1/12/2025,1/14/2025,2.784,2.819,0.035,1
1/26/2025,1/28/2025,2.913,2.948,0.035,1
4/9/2023,4/11/2023,3.269,3.304,0.035,1
7/28/2022,7/29/2022,4.501,4.467,-0.034,-1
12/23/2022,12/24/2022,2.952,2.986,0.034,1
10/2/2023,10/4/2023,4.068,4.034,-0.034,-1
11/3/2023,11/4/2023,3.617,3.583,-0.034,-1
6/23/2024,6/25/2024,3.379,3.413,0.034,1
6/30/2022,7/1/2022,4.958,4.925,-0.033,-1
9/11/2022,9/13/2022,3.954,3.921,-0.033,-1
3/19/2023,3/21/2023,3.216,3.183,-0.033,-1
1/18/2023,1/19/2023,3.052,3.085,0.033,1
4/13/2023,4/14/2023,3.366,3.399,0.033,1
2/7/2024,2/8/2024,2.886,2.919,0.033,1
4/25/2025,4/26/2025,3.142,3.175,0.033,1
8/14/2022,8/16/2022,4.273,4.241,-0.032,-1
6/21/2024,6/22/2024,3.371,3.403,0.032,1
9/25/2025,9/26/2025,3.146,3.114,-0.032,-1
6/1/2022,6/2/2022,4.488,4.520,0.032,1
12/5/2021,12/7/2021,3.402,3.371,-0.031,-1
11/19/2022,11/20/2022,3.746,3.715,-0.031,-1
12/2/2022,12/3/2022,3.450,3.419,-0.031,-1
5/26/2023,5/27/2023,3.605,3.636,0.031,1
3/5/2024,3/6/2024,3.310,3.341,0.031,1
6/9/2024,6/11/2024,3.403,3.372,-0.031,-1
6/21/2025,6/22/2025,3.266,3.235,-0.031,-1
6/4/2022,6/5/2022,4.614,4.645,0.031,1
8/23/2022,8/24/2022,4.210,4.179,-0.031,-1
11/15/2023,11/16/2023,3.360,3.329,-0.031,-1
2/28/2024,2/29/2024,3.188,3.219,0.031,1
1/11/2026,1/13/2026,2.756,2.725,-0.031,-1
3/7/2021,3/9/2021,2.593,2.623,0.030,1
8/8/2023,8/9/2023,3.952,3.982,0.030,1
10/12/2023,10/13/2023,3.946,3.916,-0.030,-1
11/17/2023,11/18/2023,3.333,3.303,-0.030,-1
2/9/2024,2/10/2024,2.933,2.963,0.030,1
9/22/2024,9/24/2024,3.305,3.275,-0.030,-1
4/18/2021,4/20/2021,2.738,2.768,0.030,1
11/23/2022,11/24/2022,3.637,3.607,-0.030,-1
12/1/2022,12/2/2022,3.480,3.450,-0.030,-1
2/13/2024,2/14/2024,3.040,3.070,0.030,1
9/2/2024,9/4/2024,3.424,3.394,-0.030,-1
6/17/2025,6/18/2025,3.229,3.259,0.030,1
4/28/2022,4/29/2022,4.107,4.137,0.030,1
6/10/2022,6/11/2022,4.876,4.906,0.030,1
10/5/2022,10/6/2022,3.996,4.025,0.029,1
3/12/2024,3/13/2024,3.389,3.418,0.029,1
5/28/2023,5/30/2023,3.609,3.638,0.029,1
9/14/2024,9/15/2024,3.356,3.327,-0.029,-1
12/28/2024,12/29/2024,2.737,2.766,0.029,1
6/11/2025,6/12/2025,3.182,3.211,0.029,1
7/16/2025,7/17/2025,3.264,3.235,-0.029,-1
12/11/2025,12/12/2025,2.895,2.866,-0.029,-1
6/7/2022,6/8/2022,4.736,4.764,0.028,1
8/24/2022,8/25/2022,4.179,4.151,-0.028,-1
3/14/2021,3/16/2021,2.647,2.675,0.028,1
3/26/2021,3/27/2021,2.704,2.732,0.028,1
6/22/2021,6/23/2021,3.018,3.046,0.028,1
12/8/2022,12/9/2022,3.254,3.226,-0.028,-1
12/14/2022,12/15/2022,3.057,3.029,-0.028,-1
7/18/2023,7/19/2023,3.715,3.743,0.028,1
3/6/2024,3/7/2024,3.341,3.369,0.028,1
3/19/2024,3/20/2024,3.501,3.529,0.028,1
8/18/2024,8/20/2024,3.489,3.461,-0.028,-1
1/10/2025,1/11/2025,2.770,2.798,0.028,1
5/1/2022,5/3/2022,4.144,4.172,0.028,1
5/17/2022,5/19/2022,4.320,4.348,0.028,1
9/5/2022,9/7/2022,4.007,3.979,-0.028,-1
9/20/2023,9/21/2023,4.204,4.176,-0.028,-1
1/23/2022,1/25/2022,3.398,3.371,-0.027,-1
3/22/2022,3/23/2022,4.013,4.040,0.027,1
9/17/2022,9/18/2022,3.900,3.927,0.027,1
5/27/2023,5/28/2023,3.636,3.609,-0.027,-1
2/16/2025,2/17/2025,3.048,3.075,0.027,1
5/7/2021,5/8/2021,2.858,2.885,0.027,1
2/27/2022,3/1/2022,3.450,3.477,0.027,1
5/14/2023,5/16/2023,3.479,3.506,0.027,1
6/11/2023,6/13/2023,3.668,3.695,0.027,1
10/29/2024,10/30/2024,3.151,3.124,-0.027,-1
5/28/2022,5/29/2022,4.400,4.427,0.027,1
6/23/2021,6/24/2021,3.046,3.072,0.026,1
10/24/2021,10/26/2021,3.418,3.392,-0.026,-1
12/22/2022,12/23/2022,2.978,2.952,-0.026,-1
7/16/2023,7/18/2023,3.741,3.715,-0.026,-1
7/27/2023,7/28/2023,3.816,3.842,0.026,1
10/7/2023,10/8/2023,3.999,3.973,-0.026,-1
1/7/2024,1/9/2024,2.918,2.892,-0.026,-1
5/1/2025,5/2/2025,3.160,3.134,-0.026,-1
6/14/2025,6/15/2025,3.212,3.186,-0.026,-1
2/8/2026,2/10/2026,2.707,2.733,0.026,1
7/14/2022,7/15/2022,4.803,4.777,-0.026,-1
4/5/2023,4/6/2023,3.221,3.247,0.026,1
7/22/2023,7/23/2023,3.729,3.755,0.026,1
9/28/2023,9/29/2023,4.132,4.106,-0.026,-1
11/12/2023,11/13/2023,3.428,3.402,-0.026,-1
12/7/2023,12/8/2023,3.074,3.048,-0.026,-1
12/29/2024,12/31/2024,2.766,2.740,-0.026,-1
10/14/2022,10/18/2022,4.053,4.028,-0.025,-1
8/12/2023,8/13/2023,3.984,4.009,0.025,1
10/18/2023,10/19/2023,3.906,3.881,-0.025,-1
10/20/2022,10/21/2022,4.016,3.991,-0.025,-1
11/6/2022,11/8/2022,3.877,3.852,-0.025,-1
11/13/2022,11/15/2022,3.844,3.819,-0.025,-1
4/2/2023,4/4/2023,3.173,3.198,0.025,1
11/1/2023,11/2/2023,3.663,3.638,-0.025,-1
3/13/2024,3/14/2024,3.418,3.443,0.025,1
7/4/2025,7/5/2025,3.279,3.254,-0.025,-1
7/12/2025,7/13/2025,3.251,3.276,0.025,1
4/17/2022,4/19/2022,4.035,4.060,0.025,1
7/6/2021,7/7/2021,3.145,3.169,0.024,1
6/12/2022,6/14/2022,4.919,4.943,0.024,0
8/10/2022,8/11/2022,4.297,4.273,-0.024,-1
8/16/2022,8/17/2022,4.241,4.217,-0.024,-1
8/26/2022,8/27/2022,4.132,4.108,-0.024,-1
8/31/2022,9/1/2022,4.061,4.037,-0.024,-1
9/24/2022,9/25/2022,3.959,3.935,-0.024,-1
1/15/2023,1/17/2023,3.010,3.034,0.024,1
4/11/2023,4/12/2023,3.304,3.328,0.024,1
8/1/2023,8/2/2023,3.918,3.942,0.024,1
10/15/2023,10/17/2023,3.920,3.896,-0.024,-1
5/5/2024,5/7/2024,3.528,3.504,-0.024,-1
6/22/2024,6/23/2024,3.403,3.379,-0.024,-1
8/16/2024,8/17/2024,3.499,3.475,-0.024,-1
9/29/2024,9/30/2024,3.263,3.239,-0.024,-1
10/27/2024,10/29/2024,3.175,3.151,-0.024,-1
10/30/2024,10/31/2024,3.124,3.100,-0.024,-1
1/15/2025,1/16/2025,2.822,2.846,0.024,1
2/12/2025,2/13/2025,3.030,3.054,0.024,1
8/30/2025,8/31/2025,3.222,3.246,0.024,1
10/3/2025,10/4/2025,3.105,3.081,-0.024,-1
10/21/2025,10/22/2025,3.045,3.021,-0.024,-1
11/23/2025,11/25/2025,2.992,2.968,-0.024,-1
1/18/2025,1/19/2025,2.885,2.861,-0.024,-1
5/29/2022,5/31/2022,4.427,4.450,0.023,1
11/18/2022,11/19/2022,3.769,3.746,-0.023,-1
1/19/2023,1/20/2023,3.085,3.108,0.023,1
3/3/2023,3/4/2023,3.239,3.262,0.023,1
4/4/2023,4/5/2023,3.198,3.221,0.023,1
9/6/2023,9/7/2023,3.988,4.011,0.023,1
1/21/2024,1/23/2024,2.838,2.815,-0.023,-1
5/11/2024,5/12/2024,3.490,3.467,-0.023,-1
6/1/2025,6/3/2025,3.198,3.175,-0.023,-1
4/16/2021,4/17/2021,2.732,2.755,0.023,1
7/9/2021,7/10/2021,3.168,3.191,0.023,1
1/8/2023,1/10/2023,2.981,2.958,-0.023,-1
3/26/2023,3/28/2023,3.187,3.164,-0.023,-1
7/29/2023,7/30/2023,3.837,3.860,0.023,1
6/2/2024,6/4/2024,3.437,3.414,-0.023,-1
7/18/2024,7/19/2024,3.519,3.542,0.023,1
12/22/2024,12/24/2024,2.733,2.756,0.023,1
1/1/2025,1/3/2025,2.737,2.760,0.023,1
7/25/2021,7/27/2021,3.211,3.233,0.022,1
9/29/2021,9/30/2021,3.327,3.349,0.022,1
9/1/2022,9/2/2022,4.037,4.015,-0.022,-1
9/27/2022,9/28/2022,3.921,3.943,0.022,1
10/8/2023,10/9/2023,3.973,3.995,0.022,1
2/14/2024,2/15/2024,3.070,3.092,0.022,1
10/24/2025,10/25/2025,3.036,3.014,-0.022,-1
9/17/2021,9/18/2021,3.306,3.328,0.022,1
12/18/2022,12/20/2022,3.013,2.991,-0.022,-1
1/20/2023,1/21/2023,3.108,3.130,0.022,1
7/26/2023,7/27/2023,3.794,3.816,0.022,1
2/17/2024,2/18/2024,3.118,3.096,-0.022,-1
4/27/2025,4/29/2025,3.136,3.158,0.022,1
5/10/2025,5/11/2025,3.140,3.162,0.022,1
5/11/2025,5/13/2025,3.162,3.140,-0.022,-1
5/21/2025,5/22/2025,3.157,3.179,0.022,1
7/10/2025,7/11/2025,3.244,3.266,0.022,1
10/1/2023,10/2/2023,4.089,4.068,-0.021,-1
7/13/2023,7/14/2023,3.715,3.736,0.021,1
6/30/2024,7/1/2024,3.441,3.462,0.021,1
12/23/2025,12/24/2025,2.821,2.800,-0.021,-1
5/8/2021,5/9/2021,2.885,2.864,-0.021,-1
7/2/2022,7/3/2022,4.942,4.921,-0.021,0
11/30/2022,12/1/2022,3.501,3.480,-0.021,-1
5/22/2023,5/23/2023,3.555,3.576,0.021,1
5/30/2023,5/31/2023,3.638,3.617,-0.021,-1
8/2/2023,8/3/2023,3.942,3.963,0.021,1
8/5/2023,8/6/2023,3.944,3.965,0.021,1
8/9/2023,8/11/2023,3.982,4.003,0.021,1
9/8/2023,9/9/2023,4.085,4.106,0.021,1
10/24/2023,10/25/2023,3.843,3.822,-0.021,-1
10/27/2023,10/28/2023,3.742,3.721,-0.021,-1
11/2/2023,11/3/2023,3.638,3.617,-0.021,-1
7/5/2024,7/6/2024,3.478,3.499,0.021,1
8/8/2024,8/9/2024,3.488,3.509,0.021,1
11/6/2024,11/7/2024,3.072,3.051,-0.021,-1
11/11/2024,11/13/2024,3.032,3.011,-0.021,-1
12/21/2024,12/22/2024,2.754,2.733,-0.021,-1
2/11/2025,2/12/2025,3.009,3.030,0.021,1
11/16/2025,11/18/2025,2.995,2.974,-0.021,-1
4/29/2022,4/30/2022,4.137,4.157,0.020,0
5/7/2022,5/10/2022,4.209,4.229,0.020,0
7/19/2022,7/20/2022,4.745,4.725,-0.020,0
6/9/2021,6/10/2021,2.955,2.975,0.020,1
9/16/2021,9/17/2021,3.326,3.306,-0.020,-1
3/9/2022,3/10/2022,3.993,4.013,0.020,1
11/15/2022,11/16/2022,3.819,3.799,-0.020,-1
1/6/2023,1/7/2023,2.998,2.978,-0.020,-1
2/4/2023,2/5/2023,3.248,3.228,-0.020,-1
5/18/2023,5/19/2023,3.517,3.537,0.020,1
6/7/2023,6/8/2023,3.654,3.674,0.020,1
10/25/2023,10/26/2023,3.822,3.802,-0.020,-1
12/13/2023,12/14/2023,2.990,2.970,-0.020,-1
3/14/2024,3/15/2024,3.443,3.463,0.020,1
7/19/2024,7/20/2024,3.542,3.522,-0.020,-1
4/11/2025,4/12/2025,3.150,3.130,-0.020,-1
5/13/2025,5/14/2025,3.140,3.160,0.020,1
11/18/2025,11/19/2025,2.974,2.994,0.020,1
1/1/2026,1/3/2026,2.780,2.760,-0.020,-1
1/30/2022,2/1/2022,3.365,3.385,0.020,1
3/23/2022,3/24/2022,4.040,4.060,0.020,0
10/6/2022,10/7/2022,4.025,4.045,0.020,0
1/17/2025,1/18/2025,2.865,2.885,0.020,1
5/2/2021,5/4/2021,2.826,2.845,0.019,1
8/5/2021,8/6/2021,3.272,3.291,0.019,1
8/20/2021,8/21/2021,3.307,3.326,0.019,1
9/5/2021,9/6/2021,3.326,3.307,-0.019,-1
3/13/2022,3/15/2022,4.014,3.995,-0.019,0
4/10/2022,4/12/2022,4.045,4.026,-0.019,0
5/13/2022,5/14/2022,4.257,4.276,0.019,0
6/9/2022,6/10/2022,4.857,4.876,0.019,0
6/15/2022,6/16/2022,4.951,4.970,0.019,0
8/25/2022,8/26/2022,4.151,4.132,-0.019,0
10/30/2022,11/1/2022,3.911,3.892,-0.019,0
8/11/2023,8/12/2023,4.003,3.984,-0.019,0
10/5/2023,10/6/2023,4.017,3.998,-0.019,0
12/5/2023,12/6/2023,3.137,3.118,-0.019,-1
2/29/2024,3/1/2024,3.219,3.238,0.019,1
3/24/2024,3/26/2024,3.548,3.567,0.019,1
8/27/2024,8/28/2024,3.438,3.419,-0.019,-1
11/30/2024,12/1/2024,2.887,2.906,0.019,1
12/10/2024,12/11/2024,2.805,2.786,-0.019,-1
1/16/2025,1/17/2025,2.846,2.865,0.019,1
9/26/2025,9/27/2025,3.114,3.133,0.019,1
1/21/2022,1/22/2022,3.365,3.384,0.019,1
5/17/2023,5/18/2023,3.498,3.517,0.019,1
9/30/2024,10/2/2024,3.239,3.220,-0.019,-1
4/19/2025,4/20/2025,3.143,3.124,-0.019,-1
8/14/2025,8/15/2025,3.228,3.247,0.019,1
8/17/2022,8/18/2022,4.217,4.198,-0.019,0
3/24/2022,3/26/2022,4.060,4.078,0.018,0
5/16/2021,5/18/2021,2.889,2.907,0.018,1
12/1/2021,12/2/2021,3.398,3.380,-0.018,-1
9/9/2022,9/10/2022,3.971,3.953,-0.018,0
9/14/2022,9/15/2022,3.923,3.905,-0.018,0
1/17/2023,1/18/2023,3.034,3.052,0.018,1
4/18/2023,4/19/2023,3.436,3.454,0.018,1
6/16/2023,6/17/2023,3.701,3.683,-0.018,0
3/20/2024,3/21/2024,3.529,3.547,0.018,1
6/25/2024,6/26/2024,3.413,3.431,0.018,1
12/4/2024,12/5/2024,2.861,2.843,-0.018,-1
9/13/2025,9/14/2025,3.214,3.232,0.018,1
10/19/2025,10/21/2025,3.063,3.045,-0.018,-1
12/19/2025,12/20/2025,2.849,2.831,-0.018,-1
8/22/2021,8/24/2021,3.316,3.298,-0.018,-1
9/24/2021,9/25/2021,3.339,3.321,-0.018,-1
10/30/2021,10/31/2021,3.413,3.395,-0.018,-1
3/4/2023,3/5/2023,3.262,3.244,-0.018,-1
7/2/2023,7/3/2023,3.701,3.719,0.018,0
6/16/2024,6/18/2024,3.370,3.388,0.018,1
3/30/2025,4/1/2025,3.108,3.126,0.018,1
4/5/2025,4/6/2025,3.162,3.144,-0.018,-1
5/4/2025,5/6/2025,3.158,3.140,-0.018,-1
7/13/2025,7/15/2025,3.276,3.258,-0.018,-1
9/19/2025,9/20/2025,3.170,3.152,-0.018,-1
9/30/2025,10/2/2025,3.106,3.088,-0.018,-1
2/1/2026,2/3/2026,2.700,2.718,0.018,1
6/26/2021,6/27/2021,3.066,3.083,0.017,1
9/3/2021,9/4/2021,3.292,3.309,0.017,1
4/14/2022,4/15/2022,4.018,4.035,0.017,0
7/1/2022,7/2/2022,4.925,4.942,0.017,0
8/7/2022,8/9/2022,4.298,4.281,-0.017,0
8/24/2024,8/25/2024,3.458,3.441,-0.017,0
8/10/2025,8/12/2025,3.215,3.232,0.017,1
3/9/2021,3/10/2021,2.623,2.640,0.017,1
3/30/2021,3/31/2021,2.701,2.718,0.017,1
4/17/2021,4/18/2021,2.755,2.738,-0.017,-1
6/18/2021,6/19/2021,3.008,3.025,0.017,1
8/25/2021,8/26/2021,3.307,3.290,-0.017,-1
9/4/2021,9/5/2021,3.309,3.326,0.017,1
3/20/2022,3/22/2022,3.996,4.013,0.017,0
9/8/2022,9/9/2022,3.988,3.971,-0.017,0
11/2/2022,11/3/2022,3.877,3.860,-0.017,0
2/24/2023,2/25/2023,3.261,3.244,-0.017,-1
3/24/2023,3/25/2023,3.178,3.195,0.017,1
11/8/2023,11/9/2023,3.497,3.480,-0.017,0
12/8/2023,12/9/2023,3.048,3.031,-0.017,-1
12/10/2023,12/12/2023,3.018,3.001,-0.017,-1
2/16/2024,2/17/2024,3.101,3.118,0.017,1
6/14/2024,6/15/2024,3.367,3.384,0.017,1
8/7/2024,8/8/2024,3.505,3.488,-0.017,0
12/26/2024,12/28/2024,2.754,2.737,-0.017,-1
1/29/2025,1/30/2025,2.954,2.971,0.017,1
2/8/2025,2/9/2025,3.015,2.998,-0.017,-1
2/26/2025,2/27/2025,3.075,3.092,0.017,1
3/4/2025,3/5/2025,3.091,3.108,0.017,1
3/26/2025,3/27/2025,3.104,3.121,0.017,1
5/15/2025,5/16/2025,3.157,3.174,0.017,1
7/3/2025,7/4/2025,3.262,3.279,0.017,1
7/31/2025,8/1/2025,3.232,3.249,0.017,1
8/23/2025,8/24/2025,3.243,3.226,-0.017,-1
9/12/2025,9/13/2025,3.231,3.214,-0.017,-1
9/24/2025,9/25/2025,3.163,3.146,-0.017,-1
10/2/2025,10/3/2025,3.088,3.105,0.017,1
10/23/2025,10/24/2025,3.019,3.036,0.017,1
10/4/2023,10/5/2023,4.034,4.017,-0.017,0
3/28/2021,3/30/2021,2.717,2.701,-0.016,-1
5/19/2021,5/20/2021,2.903,2.919,0.016,1
6/19/2021,6/20/2021,3.025,3.009,-0.016,-1
7/22/2021,7/23/2021,3.213,3.197,-0.016,0
9/2/2021,9/3/2021,3.308,3.292,-0.016,0
10/11/2021,10/13/2021,3.374,3.390,0.016,0
12/10/2021,12/11/2021,3.387,3.371,-0.016,0
2/23/2022,2/24/2022,3.425,3.441,0.016,0
4/19/2022,4/20/2022,4.060,4.076,0.016,0
6/25/2022,6/26/2022,4.964,4.948,-0.016,0
7/26/2022,7/27/2022,4.563,4.547,-0.016,0
8/9/2022,8/10/2022,4.281,4.297,0.016,0
5/23/2023,5/25/2023,3.576,3.592,0.016,0
6/4/2023,6/6/2023,3.632,3.648,0.016,0
10/20/2023,10/21/2023,3.894,3.878,-0.016,0
10/29/2023,10/31/2023,3.721,3.705,-0.016,0
11/23/2023,11/24/2023,3.235,3.219,-0.016,0
1/4/2024,1/5/2024,2.927,2.911,-0.016,-1
2/19/2024,2/21/2024,3.132,3.148,0.016,1
2/27/2024,2/28/2024,3.172,3.188,0.016,1
5/25/2024,5/26/2024,3.431,3.415,-0.016,0
6/13/2024,6/14/2024,3.383,3.367,-0.016,0
11/24/2024,11/26/2024,2.930,2.914,-0.016,-1
1/7/2025,1/8/2025,2.777,2.793,0.016,1
1/8/2025,1/9/2025,2.793,2.777,-0.016,-1
3/27/2025,3/28/2025,3.121,3.105,-0.016,-1
4/4/2025,4/5/2025,3.146,3.162,0.016,1
4/18/2025,4/19/2025,3.127,3.143,0.016,1
5/27/2025,5/28/2025,3.179,3.195,0.016,1
8/27/2025,8/28/2025,3.226,3.242,0.016,0
8/28/2025,8/29/2025,3.242,3.226,-0.016,0
9/6/2025,9/7/2025,3.248,3.232,-0.016,0
10/9/2025,10/10/2025,3.082,3.066,-0.016,-1
1/10/2026,1/11/2026,2.740,2.756,0.016,1
7/23/2022,7/24/2022,4.629,4.613,-0.016,0
8/3/2022,8/4/2022,4.336,4.321,-0.015,0
3/27/2021,3/28/2021,2.732,2.717,-0.015,-1
8/6/2021,8/7/2021,3.291,3.276,-0.015,0
10/23/2021,10/24/2021,3.403,3.418,0.015,0
12/2/2021,12/3/2021,3.380,3.395,0.015,0
12/4/2021,12/5/2021,3.387,3.402,0.015,0
12/8/2021,12/9/2021,3.368,3.383,0.015,0
10/26/2022,10/27/2022,3.928,3.913,-0.015,0
11/1/2022,11/2/2022,3.892,3.877,-0.015,0
11/16/2022,11/17/2022,3.799,3.784,-0.015,0
12/15/2022,12/16/2022,3.029,3.014,-0.015,0
12/20/2022,12/21/2022,2.991,2.976,-0.015,-1
4/16/2023,4/18/2023,3.421,3.436,0.015,0
5/5/2023,5/6/2023,3.474,3.459,-0.015,0
8/18/2023,8/19/2023,3.995,3.980,-0.015,0
1/1/2024,1/3/2024,2.952,2.937,-0.015,-1
1/10/2024,1/11/2024,2.898,2.883,-0.015,-1
1/20/2024,1/21/2024,2.853,2.838,-0.015,-1
7/16/2024,7/17/2024,3.536,3.521,-0.015,0
7/28/2024,7/30/2024,3.535,3.520,-0.015,0
11/10/2024,11/11/2024,3.047,3.032,-0.015,0
2/22/2025,2/23/2025,3.089,3.074,-0.015,0
3/23/2025,3/25/2025,3.094,3.109,0.015,0
7/11/2025,7/12/2025,3.266,3.251,-0.015,0
10/18/2025,10/19/2025,3.048,3.063,0.015,0
2/7/2026,2/8/2026,2.722,2.707,-0.015,-1
4/30/2021,5/1/2021,2.817,2.832,0.015,1
7/10/2021,7/11/2021,3.191,3.176,-0.015,0
10/21/2021,10/22/2021,3.390,3.405,0.015,0
10/29/2021,10/30/2021,3.398,3.413,0.015,0
12/25/2021,12/26/2021,3.372,3.357,-0.015,0
4/26/2022,4/27/2022,4.083,4.098,0.015,0
10/8/2022,10/9/2022,4.048,4.063,0.015,0
11/17/2022,11/18/2022,3.784,3.769,-0.015,0
2/7/2023,2/8/2023,3.231,3.216,-0.015,0
8/6/2023,8/7/2023,3.965,3.950,-0.015,0
2/19/2025,2/20/2025,3.063,3.078,0.015,0
6/29/2025,7/1/2025,3.284,3.269,-0.015,0
7/9/2025,7/10/2025,3.259,3.244,-0.015,0
8/15/2025,8/16/2025,3.247,3.232,-0.015,0
12/21/2025,12/23/2025,2.836,2.821,-0.015,-1
6/1/2021,6/2/2021,2.925,2.939,0.014,0
7/4/2021,7/6/2021,3.131,3.145,0.014,0
1/22/2022,1/23/2022,3.384,3.398,0.014,0
5/12/2022,5/13/2022,4.271,4.257,-0.014,0
6/22/2022,6/23/2022,4.961,4.947,-0.014,0
7/16/2022,7/17/2022,4.771,4.757,-0.014,0
9/22/2022,9/23/2022,3.933,3.947,0.014,0
9/25/2022,9/27/2022,3.935,3.921,-0.014,0
10/23/2022,10/25/2022,3.986,3.972,-0.014,0
5/21/2023,5/22/2023,3.541,3.555,0.014,0
6/15/2023,6/16/2023,3.687,3.701,0.014,0
8/19/2023,8/20/2023,3.980,3.994,0.014,0
11/28/2023,11/29/2023,3.165,3.151,-0.014,0
2/25/2024,2/27/2024,3.158,3.172,0.014,0
3/2/2024,3/3/2024,3.247,3.261,0.014,0
4/17/2024,4/18/2024,3.569,3.583,0.014,0
5/15/2024,5/16/2024,3.452,3.466,0.014,0
8/23/2024,8/24/2024,3.444,3.458,0.014,0
8/30/2024,8/31/2024,3.426,3.412,-0.014,0
9/19/2024,9/20/2024,3.305,3.291,-0.014,0
11/3/2024,11/5/2024,3.091,3.077,-0.014,0
1/11/2025,1/12/2025,2.798,2.784,-0.014,-1
2/7/2025,2/8/2025,3.001,3.015,0.014,0
3/8/2025,3/9/2025,3.134,3.148,0.014,0
11/8/2025,11/9/2025,2.980,2.994,0.014,0
3/11/2021,3/12/2021,2.637,2.651,0.014,1
4/25/2021,4/27/2021,2.794,2.808,0.014,1
5/12/2021,5/13/2021,2.883,2.897,0.014,0
7/3/2021,7/4/2021,3.117,3.131,0.014,0
8/28/2021,8/29/2021,3.298,3.312,0.014,0
9/23/2021,9/24/2021,3.325,3.339,0.014,0
12/28/2021,12/30/2021,3.361,3.375,0.014,0
12/30/2021,12/31/2021,3.375,3.361,-0.014,0
1/29/2022,1/30/2022,3.379,3.365,-0.014,0
11/5/2022,11/6/2022,3.863,3.877,0.014,0
11/12/2022,11/13/2022,3.830,3.844,0.014,0
11/26/2022,11/27/2022,3.591,3.605,0.014,0
1/10/2023,1/11/2023,2.958,2.972,0.014,0
2/8/2023,2/9/2023,3.216,3.230,0.014,0
3/30/2023,3/31/2023,3.160,3.174,0.014,0
4/20/2023,4/21/2023,3.451,3.465,0.014,0
5/6/2023,5/7/2023,3.459,3.473,0.014,0
5/31/2023,6/1/2023,3.617,3.631,0.014,0
8/30/2023,8/31/2023,3.979,3.993,0.014,0
10/11/2023,10/12/2023,3.960,3.946,-0.014,0
12/15/2023,12/16/2023,2.962,2.976,0.014,0
2/8/2024,2/9/2024,2.919,2.933,0.014,0
2/23/2024,2/24/2024,3.148,3.162,0.014,0
4/23/2024,4/24/2024,3.557,3.543,-0.014,0
6/6/2024,6/7/2024,3.412,3.398,-0.014,0
6/15/2024,6/16/2024,3.384,3.370,-0.014,0
6/26/2024,6/27/2024,3.431,3.445,0.014,0
7/1/2024,7/3/2024,3.462,3.476,0.014,0
8/17/2024,8/18/2024,3.475,3.489,0.014,0
9/26/2024,9/27/2024,3.268,3.254,-0.014,0
10/12/2024,10/13/2024,3.199,3.185,-0.014,0
12/17/2024,12/18/2024,2.767,2.753,-0.014,-1
3/5/2025,3/6/2025,3.108,3.122,0.014,0
5/3/2025,5/4/2025,3.144,3.158,0.014,0
5/30/2025,5/31/2025,3.198,3.184,-0.014,0
5/31/2025,6/1/2025,3.184,3.198,0.014,0
9/4/2025,9/5/2025,3.250,3.236,-0.014,0
9/27/2025,9/28/2025,3.133,3.147,0.014,0
11/14/2025,11/15/2025,2.983,2.997,0.014,0
7/7/2022,7/8/2022,4.906,4.892,-0.014,0
9/12/2023,9/13/2023,4.185,4.198,0.013,0
6/14/2023,6/15/2023,3.700,3.687,-0.013,0
6/24/2023,6/25/2023,3.700,3.687,-0.013,0
10/19/2023,10/20/2023,3.881,3.894,0.013,0
12/9/2023,12/10/2023,3.031,3.018,-0.013,0
12/26/2023,12/28/2023,2.966,2.953,-0.013,0
7/7/2024,7/9/2024,3.502,3.515,0.013,0
8/9/2025,8/10/2025,3.228,3.215,-0.013,0
8/12/2025,8/13/2025,3.232,3.219,-0.013,0
8/20/2025,8/21/2025,3.236,3.223,-0.013,0
4/21/2021,4/22/2021,2.778,2.791,0.013,0
7/15/2021,7/16/2021,3.197,3.210,0.013,0
8/10/2021,8/11/2021,3.285,3.298,0.013,0
8/31/2021,9/1/2021,3.306,3.319,0.013,0
9/15/2021,9/16/2021,3.313,3.326,0.013,0
10/3/2021,10/5/2021,3.346,3.359,0.013,0
1/20/2022,1/21/2022,3.378,3.365,-0.013,0
4/30/2022,5/1/2022,4.157,4.144,-0.013,0
6/11/2022,6/12/2022,4.906,4.919,0.013,0
7/31/2022,8/1/2022,4.420,4.407,-0.013,0
8/4/2022,8/5/2022,4.321,4.334,0.013,0
10/9/2022,10/10/2022,4.063,4.050,-0.013,0
10/21/2022,10/22/2022,3.991,3.978,-0.013,0
12/25/2022,12/26/2022,2.975,2.962,-0.013,0
12/27/2022,12/29/2022,2.956,2.969,0.013,0
5/25/2023,5/26/2023,3.592,3.605,0.013,0
12/16/2023,12/17/2023,2.976,2.963,-0.013,0
2/4/2024,2/6/2024,2.865,2.878,0.013,0
3/31/2024,4/2/2024,3.559,3.572,0.013,0
4/21/2024,4/23/2024,3.570,3.557,-0.013,0
5/31/2024,6/1/2024,3.424,3.437,0.013,0
11/17/2024,11/19/2024,2.984,2.971,-0.013,0
12/5/2024,12/6/2024,2.843,2.830,-0.013,0
12/7/2024,12/8/2024,2.830,2.843,0.013,0
3/16/2025,3/18/2025,3.085,3.072,-0.013,0
3/21/2025,3/22/2025,3.075,3.088,0.013,0
8/3/2025,8/4/2025,3.238,3.225,-0.013,0
8/6/2025,8/7/2025,3.221,3.234,0.013,0
8/22/2025,8/23/2025,3.230,3.243,0.013,0
10/13/2025,10/15/2025,3.076,3.063,-0.013,0
10/16/2025,10/17/2025,3.061,3.048,-0.013,0
10/29/2025,10/30/2025,3.011,2.998,-0.013,0
12/9/2025,12/10/2025,2.919,2.906,-0.013,0
4/20/2022,4/21/2022,4.076,4.088,0.012,0
4/23/2021,4/24/2021,2.780,2.792,0.012,0
5/22/2021,5/23/2021,2.907,2.919,0.012,0
7/11/2021,7/13/2021,3.176,3.188,0.012,0
9/18/2021,9/19/2021,3.328,3.316,-0.012,0
9/25/2021,9/26/2021,3.321,3.333,0.012,0
12/26/2021,12/27/2021,3.357,3.369,0.012,0
1/14/2022,1/15/2022,3.366,3.354,-0.012,0
2/16/2022,2/17/2022,3.417,3.429,0.012,0
9/23/2022,9/24/2022,3.947,3.959,0.012,0
1/13/2023,1/14/2023,2.989,3.001,0.012,0
2/12/2023,2/14/2023,3.238,3.250,0.012,0
2/16/2023,2/17/2023,3.266,3.278,0.012,0
7/21/2023,7/22/2023,3.741,3.729,-0.012,0
8/15/2023,8/16/2023,3.999,3.987,-0.012,0
8/23/2023,8/24/2023,3.982,3.994,0.012,0
8/24/2023,8/25/2023,3.994,3.982,-0.012,0
11/11/2023,11/12/2023,3.440,3.428,-0.012,0
1/11/2024,1/12/2024,2.883,2.871,-0.012,0
1/28/2024,1/30/2024,2.810,2.822,0.012,0
1/31/2024,2/1/2024,2.859,2.871,0.012,0
7/21/2024,7/23/2024,3.521,3.533,0.012,0
10/4/2024,10/5/2024,3.209,3.221,0.012,0
10/10/2024,10/11/2024,3.199,3.187,-0.012,0
10/11/2024,10/12/2024,3.187,3.199,0.012,0
10/13/2024,10/14/2024,3.185,3.197,0.012,0
11/22/2024,11/23/2024,2.947,2.935,-0.012,0
1/31/2025,2/1/2025,2.967,2.979,0.012,0
2/17/2025,2/19/2025,3.075,3.063,-0.012,0
4/1/2025,4/2/2025,3.126,3.138,0.012,0
6/8/2025,6/10/2025,3.182,3.194,0.012,0
6/10/2025,6/11/2025,3.194,3.182,-0.012,0
6/27/2025,6/28/2025,3.282,3.294,0.012,0
7/6/2025,7/8/2025,3.265,3.253,-0.012,0
8/19/2025,8/20/2025,3.224,3.236,0.012,0
9/5/2025,9/6/2025,3.236,3.248,0.012,0
9/17/2025,9/18/2025,3.227,3.215,-0.012,0
11/4/2025,11/5/2025,2.997,2.985,-0.012,0
2/5/2026,2/6/2026,2.724,2.712,-0.012,0
2/26/2026,2/27/2026,2.767,2.779,0.012,0
4/1/2022,4/2/2022,4.071,4.059,-0.012,0
7/17/2022,7/19/2022,4.757,4.745,-0.012,0
8/18/2022,8/19/2022,4.198,4.210,0.012,0
2/26/2023,2/28/2023,3.244,3.256,0.012,0
2/28/2023,3/1/2023,3.256,3.244,-0.012,0
9/29/2023,9/30/2023,4.106,4.094,-0.012,0
2/3/2024,2/4/2024,2.877,2.865,-0.012,0
12/24/2024,12/25/2024,2.756,2.744,-0.012,0
4/22/2021,4/23/2021,2.791,2.780,-0.011,0
5/9/2021,5/11/2021,2.864,2.875,0.011,0
7/1/2021,7/3/2021,3.106,3.117,0.011,0
7/28/2021,7/29/2021,3.231,3.242,0.011,0
9/1/2021,9/2/2021,3.319,3.308,-0.011,0
9/12/2021,9/14/2021,3.307,3.318,0.011,0
11/30/2021,12/1/2021,3.387,3.398,0.011,0
12/21/2021,12/22/2021,3.374,3.363,-0.011,0
12/22/2021,12/23/2021,3.363,3.374,0.011,0
3/27/2022,3/29/2022,4.088,4.077,-0.011,0
6/24/2022,6/25/2022,4.953,4.964,0.011,0
12/24/2022,12/25/2022,2.986,2.975,-0.011,0
3/17/2023,3/18/2023,3.217,3.206,-0.011,0
4/14/2023,4/15/2023,3.399,3.410,0.011,0
4/22/2023,4/23/2023,3.472,3.461,-0.011,0
4/27/2023,4/28/2023,3.471,3.482,0.011,0
5/10/2023,5/11/2023,3.460,3.471,0.011,0
6/17/2023,6/18/2023,3.683,3.694,0.011,0
6/28/2023,6/29/2023,3.693,3.704,0.011,0
8/20/2023,8/22/2023,3.994,3.983,-0.011,0
9/9/2023,9/10/2023,4.106,4.117,0.011,0
9/13/2023,9/14/2023,4.198,4.187,-0.011,0
11/18/2023,11/19/2023,3.303,3.314,0.011,0
12/23/2023,12/24/2023,2.960,2.949,-0.011,0
12/25/2023,12/26/2023,2.955,2.966,0.011,0
1/16/2024,1/17/2024,2.867,2.856,-0.011,0
5/3/2024,5/4/2024,3.524,3.535,0.011,0
5/14/2024,5/15/2024,3.463,3.452,-0.011,0
8/14/2024,8/15/2024,3.508,3.497,-0.011,0
9/28/2024,9/29/2024,3.252,3.263,0.011,0
10/14/2024,10/16/2024,3.197,3.186,-0.011,0
11/13/2024,11/14/2024,3.011,3.000,-0.011,0
11/26/2024,11/27/2024,2.914,2.903,-0.011,0
12/14/2024,12/15/2024,2.786,2.775,-0.011,0
2/25/2025,2/26/2025,3.064,3.075,0.011,0
3/12/2025,3/13/2025,3.105,3.094,-0.011,0
6/3/2025,6/4/2025,3.175,3.186,0.011,0
7/5/2025,7/6/2025,3.254,3.265,0.011,0
7/24/2025,7/25/2025,3.239,3.250,0.011,0
11/9/2025,11/11/2025,2.994,2.983,-0.011,0
12/10/2025,12/11/2025,2.906,2.895,-0.011,0
1/29/2026,1/30/2026,2.699,2.710,0.011,0
2/10/2026,2/11/2026,2.733,2.722,-0.011,0
2/21/2026,2/22/2026,2.736,2.725,-0.011,0
3/4/2026,3/5/2026,2.981,2.992,0.011,0
5/26/2021,5/27/2021,2.926,2.937,0.011,0
1/26/2022,1/27/2022,3.376,3.365,-0.011,0
4/15/2023,4/16/2023,3.410,3.421,0.011,0
6/3/2023,6/4/2023,3.643,3.632,-0.011,0
12/12/2023,12/13/2023,3.001,2.990,-0.011,0
5/22/2024,5/23/2024,3.453,3.442,-0.011,0
8/11/2024,8/13/2024,3.503,3.514,0.011,0
2/9/2025,2/11/2025,2.998,3.009,0.011,0
3/7/2025,3/8/2025,3.123,3.134,0.011,0
4/13/2025,4/15/2025,3.136,3.147,0.011,0
7/27/2025,7/29/2025,3.247,3.236,-0.011,0
1/31/2026,2/1/2026,2.711,2.700,-0.011,0
5/23/2022,5/25/2022,4.371,4.382,0.011,0
5/26/2022,5/28/2022,4.390,4.400,0.010,0
8/11/2022,8/12/2022,4.273,4.283,0.010,0
3/19/2021,3/20/2021,2.687,2.697,0.010,0
4/20/2021,4/21/2021,2.768,2.778,0.010,0
8/21/2021,8/22/2021,3.326,3.316,-0.010,0
10/10/2021,10/11/2021,3.364,3.374,0.010,0
11/13/2021,11/14/2021,3.400,3.410,0.010,0
11/24/2022,11/25/2022,3.607,3.597,-0.010,0
12/31/2022,1/1/2023,2.960,2.970,0.010,0
3/18/2023,3/19/2023,3.206,3.216,0.010,0
4/7/2023,4/8/2023,3.252,3.262,0.010,0
4/23/2023,4/25/2023,3.461,3.471,0.010,0
5/9/2023,5/10/2023,3.470,3.460,-0.010,0
6/1/2023,6/2/2023,3.631,3.641,0.010,0
8/4/2023,8/5/2023,3.954,3.944,-0.010,0
8/13/2023,8/15/2023,4.009,3.999,-0.010,0
10/17/2023,10/18/2023,3.896,3.906,0.010,0
1/27/2024,1/28/2024,2.800,2.810,0.010,0
4/28/2024,4/30/2024,3.539,3.529,-0.010,0
5/16/2024,5/17/2024,3.466,3.456,-0.010,0
9/7/2024,9/8/2024,3.393,3.403,0.010,0
10/20/2024,10/22/2024,3.188,3.178,-0.010,0
11/19/2024,11/20/2024,2.971,2.961,-0.010,0
1/25/2025,1/26/2025,2.923,2.913,-0.010,0
5/2/2025,5/3/2025,3.134,3.144,0.010,0
5/18/2025,5/19/2025,3.173,3.163,-0.010,0
6/28/2025,6/29/2025,3.294,3.284,-0.010,0
7/17/2025,7/18/2025,3.235,3.245,0.010,0
8/2/2025,8/3/2025,3.248,3.238,-0.010,0
10/26/2025,10/28/2025,3.020,3.010,-0.010,0
12/18/2025,12/19/2025,2.839,2.849,0.010,0
12/26/2025,12/27/2025,2.793,2.783,-0.010,0
1/25/2026,1/27/2026,2.712,2.702,-0.010,0
2/19/2026,2/20/2026,2.719,2.729,0.010,0
3/18/2021,3/19/2021,2.677,2.687,0.010,0
4/1/2021,4/2/2021,2.719,2.709,-0.010,0
7/30/2021,7/31/2021,3.245,3.255,0.010,0
8/12/2021,8/13/2021,3.301,3.311,0.010,0
12/12/2021,12/14/2021,3.377,3.367,-0.010,0
1/11/2022,1/12/2022,3.362,3.372,0.010,0
1/27/2022,1/28/2022,3.365,3.375,0.010,0
3/26/2022,3/27/2022,4.078,4.088,0.010,0
7/5/2022,7/6/2022,4.925,4.915,-0.010,0
8/6/2022,8/7/2022,4.288,4.298,0.010,0
8/21/2022,8/23/2022,4.200,4.210,0.010,0
9/2/2022,9/3/2022,4.015,4.005,-0.010,0
9/29/2022,9/30/2022,3.934,3.944,0.010,0
9/30/2022,10/1/2022,3.944,3.934,-0.010,0
10/27/2022,10/28/2022,3.913,3.903,-0.010,0
11/8/2022,11/9/2022,3.852,3.842,-0.010,0
12/29/2022,12/30/2022,2.969,2.959,-0.010,0
2/14/2023,2/15/2023,3.250,3.260,0.010,0
3/12/2023,3/14/2023,3.250,3.240,-0.010,0
3/16/2023,3/17/2023,3.227,3.217,-0.010,0
3/29/2023,3/30/2023,3.170,3.160,-0.010,0
4/1/2023,4/2/2023,3.183,3.173,-0.010,0
4/30/2023,5/2/2023,3.480,3.470,-0.010,0
7/11/2023,7/12/2023,3.700,3.710,0.010,0
8/31/2023,9/1/2023,3.993,3.983,-0.010,0
11/10/2023,11/11/2023,3.430,3.440,0.010,0
11/24/2023,11/25/2023,3.219,3.209,-0.010,0
12/29/2023,12/30/2023,2.956,2.946,-0.010,0
1/3/2024,1/4/2024,2.937,2.927,-0.010,0
1/14/2024,1/16/2024,2.877,2.867,-0.010,0
5/26/2024,5/28/2024,3.415,3.425,0.010,0
6/20/2024,6/21/2024,3.381,3.371,-0.010,0
9/12/2024,9/13/2024,3.367,3.357,-0.010,0
9/15/2024,9/17/2024,3.327,3.317,-0.010,0
10/3/2024,10/4/2024,3.219,3.209,-0.010,0
12/25/2024,12/26/2024,2.744,2.754,0.010,0
2/23/2025,2/25/2025,3.074,3.064,-0.010,0
4/16/2025,4/17/2025,3.143,3.133,-0.010,0
1/20/2026,1/21/2026,2.723,2.713,-0.010,0
2/6/2026,2/7/2026,2.712,2.722,0.010,0
4/11/2021,4/13/2021,2.732,2.723,-0.009,0
6/6/2021,6/8/2021,2.953,2.962,0.009,0
9/8/2021,9/9/2021,3.313,3.304,-0.009,0
4/27/2022,4/28/2022,4.098,4.107,0.009,0
7/6/2022,7/7/2022,4.915,4.906,-0.009,0
7/13/2022,7/14/2022,4.812,4.803,-0.009,0
1/25/2023,1/26/2023,3.219,3.228,0.009,0
3/15/2023,3/16/2023,3.236,3.227,-0.009,0
8/13/2025,8/14/2025,3.219,3.228,0.009,0
6/2/2021,6/3/2021,2.939,2.948,0.009,0
6/3/2021,6/4/2021,2.948,2.957,0.009,0
6/10/2021,6/11/2021,2.975,2.966,-0.009,0
6/16/2021,6/17/2021,3.008,3.017,0.009,0
6/17/2021,6/18/2021,3.017,3.008,-0.009,0
6/20/2021,6/22/2021,3.009,3.018,0.009,0
8/1/2021,8/2/2021,3.257,3.266,0.009,0
8/24/2021,8/25/2021,3.298,3.307,0.009,0
10/26/2021,10/27/2021,3.392,3.401,0.009,0
1/12/2022,1/13/2022,3.372,3.363,-0.009,0
1/19/2022,1/20/2022,3.369,3.378,0.009,0
2/3/2022,2/4/2022,3.384,3.393,0.009,0
2/12/2022,2/13/2022,3.407,3.416,0.009,0
9/7/2022,9/8/2022,3.979,3.988,0.009,0
9/15/2022,9/16/2022,3.905,3.896,-0.009,0
9/28/2022,9/29/2022,3.943,3.934,-0.009,0
10/29/2022,10/30/2022,3.902,3.911,0.009,0
1/12/2023,1/13/2023,2.980,2.989,0.009,0
1/14/2023,1/15/2023,3.001,3.010,0.009,0
3/31/2023,4/1/2023,3.174,3.183,0.009,0
6/18/2023,6/20/2023,3.694,3.703,0.009,0
7/8/2023,7/9/2023,3.714,3.705,-0.009,0
8/3/2023,8/4/2023,3.963,3.954,-0.009,0
8/29/2023,8/30/2023,3.988,3.979,-0.009,0
11/25/2023,11/26/2023,3.209,3.200,-0.009,0
2/15/2024,2/16/2024,3.092,3.101,0.009,0
3/1/2024,3/2/2024,3.238,3.247,0.009,0
3/16/2024,3/17/2024,3.471,3.462,-0.009,0
4/7/2024,4/9/2024,3.565,3.574,0.009,0
4/12/2024,4/13/2024,3.572,3.581,0.009,0
5/1/2024,5/2/2024,3.537,3.528,-0.009,0
6/12/2024,6/13/2024,3.374,3.383,0.009,0
8/4/2024,8/5/2024,3.512,3.503,-0.009,0
10/5/2024,10/6/2024,3.221,3.212,-0.009,0
1/23/2025,1/24/2025,2.910,2.919,0.009,0
2/6/2025,2/7/2025,2.992,3.001,0.009,0
2/14/2025,2/15/2025,3.061,3.052,-0.009,0
5/23/2025,5/24/2025,3.182,3.173,-0.009,0
7/18/2025,7/19/2025,3.245,3.236,-0.009,0
8/17/2025,8/19/2025,3.233,3.224,-0.009,0
9/10/2025,9/11/2025,3.228,3.237,0.009,0
12/16/2025,12/17/2025,2.851,2.842,-0.009,0
12/25/2025,12/26/2025,2.802,2.793,-0.009,0
1/7/2026,1/8/2026,2.762,2.753,-0.009,0
6/18/2022,6/19/2022,4.970,4.961,-0.009,0
9/19/2023,9/20/2023,4.195,4.204,0.009,0
3/5/2021,3/6/2021,2.579,2.587,0.008,0
4/10/2021,4/11/2021,2.724,2.732,0.008,0
4/27/2021,4/28/2021,2.808,2.816,0.008,0
5/11/2021,5/12/2021,2.875,2.883,0.008,0
5/15/2021,5/16/2021,2.897,2.889,-0.008,0
5/21/2021,5/22/2021,2.915,2.907,-0.008,0
6/12/2021,6/13/2021,2.965,2.973,0.008,0
6/24/2021,6/25/2021,3.072,3.064,-0.008,0
6/27/2021,6/29/2021,3.083,3.091,0.008,0
6/30/2021,7/1/2021,3.098,3.106,0.008,0
7/24/2021,7/25/2021,3.203,3.211,0.008,0
9/28/2021,9/29/2021,3.335,3.327,-0.008,0
10/27/2021,10/28/2021,3.401,3.393,-0.008,0
11/14/2021,11/16/2021,3.410,3.402,-0.008,0
11/24/2021,11/25/2021,3.388,3.380,-0.008,0
11/25/2021,11/26/2021,3.380,3.388,0.008,0
12/3/2021,12/4/2021,3.395,3.387,-0.008,0
12/27/2021,12/28/2021,3.369,3.361,-0.008,0
1/6/2022,1/7/2022,3.359,3.367,0.008,0
1/15/2022,1/16/2022,3.354,3.362,0.008,0
2/19/2022,2/20/2022,3.423,3.431,0.008,0
3/31/2022,4/1/2022,4.079,4.071,-0.008,0
4/9/2022,4/10/2022,4.037,4.045,0.008,0
5/19/2022,5/21/2022,4.348,4.356,0.008,0
5/21/2022,5/22/2022,4.356,4.364,0.008,0
5/25/2022,5/26/2022,4.382,4.390,0.008,0
6/14/2022,6/15/2022,4.943,4.951,0.008,0
8/27/2022,8/28/2022,4.108,4.100,-0.008,0
10/4/2022,10/5/2022,3.988,3.996,0.008,0
10/22/2022,10/23/2022,3.978,3.986,0.008,0
1/11/2023,1/12/2023,2.972,2.980,0.008,0
2/10/2023,2/11/2023,3.234,3.242,0.008,0
3/22/2023,3/23/2023,3.182,3.174,-0.008,0
3/25/2023,3/26/2023,3.195,3.187,-0.008,0
7/5/2023,7/6/2023,3.709,3.717,0.008,0
7/19/2023,7/20/2023,3.743,3.735,-0.008,0
8/16/2023,8/17/2023,3.987,3.995,0.008,0
9/15/2023,9/16/2023,4.186,4.194,0.008,0
9/17/2023,9/19/2023,4.187,4.195,0.008,0
9/22/2023,9/23/2023,4.180,4.172,-0.008,0
10/14/2023,10/15/2023,3.912,3.920,0.008,0
11/4/2023,11/5/2023,3.583,3.575,-0.008,0
12/14/2023,12/15/2023,2.970,2.962,-0.008,0
12/20/2023,12/21/2023,2.951,2.959,0.008,0
1/5/2024,1/6/2024,2.911,2.919,0.008,0
1/17/2024,1/18/2024,2.856,2.848,-0.008,0
1/19/2024,1/20/2024,2.845,2.853,0.008,0
2/6/2024,2/7/2024,2.878,2.886,0.008,0
3/15/2024,3/16/2024,3.463,3.471,0.008,0
3/23/2024,3/24/2024,3.540,3.548,0.008,0
3/26/2024,3/27/2024,3.567,3.575,0.008,0
3/30/2024,3/31/2024,3.567,3.559,-0.008,0
4/19/2024,4/20/2024,3.579,3.571,-0.008,0
4/30/2024,5/1/2024,3.529,3.537,0.008,0
5/30/2024,5/31/2024,3.432,3.424,-0.008,0
7/9/2024,7/10/2024,3.515,3.523,0.008,0
7/11/2024,7/12/2024,3.524,3.532,0.008,0
7/12/2024,7/13/2024,3.532,3.540,0.008,0
8/9/2024,8/10/2024,3.509,3.501,-0.008,0
8/31/2024,9/1/2024,3.412,3.420,0.008,0
9/21/2024,9/22/2024,3.297,3.305,0.008,0
11/21/2024,11/22/2024,2.955,2.947,-0.008,0
11/28/2024,11/29/2024,2.897,2.889,-0.008,0
12/15/2024,12/17/2024,2.775,2.767,-0.008,0
1/3/2025,1/4/2025,2.760,2.768,0.008,0
2/4/2025,2/5/2025,2.984,2.992,0.008,0
3/15/2025,3/16/2025,3.093,3.085,-0.008,0
3/19/2025,3/20/2025,3.075,3.083,0.008,0
3/20/2025,3/21/2025,3.083,3.075,-0.008,0
6/7/2025,6/8/2025,3.190,3.182,-0.008,0
7/19/2025,7/20/2025,3.236,3.244,0.008,0
7/30/2025,7/31/2025,3.240,3.232,-0.008,0
8/24/2025,8/26/2025,3.226,3.234,0.008,0
8/26/2025,8/27/2025,3.234,3.226,-0.008,0
11/27/2025,11/28/2025,2.960,2.952,-0.008,0
12/3/2025,12/4/2025,2.951,2.943,-0.008,0
2/28/2026,3/1/2026,2.772,2.780,0.008,0
5/16/2023,5/17/2023,3.506,3.498,-0.008,0
4/22/2025,4/23/2025,3.123,3.131,0.008,0
4/6/2022,4/7/2022,4.049,4.042,-0.007,0
5/22/2022,5/23/2022,4.364,4.371,0.007,0
3/17/2021,3/18/2021,2.670,2.677,0.007,0
4/14/2021,4/15/2021,2.725,2.732,0.007,0
5/30/2021,6/1/2021,2.932,2.925,-0.007,0
6/8/2021,6/9/2021,2.962,2.955,-0.007,0
8/7/2021,8/8/2021,3.276,3.283,0.007,0
8/17/2021,8/18/2021,3.313,3.306,-0.007,0
10/6/2021,10/7/2021,3.356,3.363,0.007,0
11/21/2021,11/23/2021,3.395,3.388,-0.007,0
11/26/2021,11/27/2021,3.388,3.395,0.007,0
2/25/2022,2/26/2022,3.439,3.446,0.007,0
3/17/2022,3/19/2022,3.993,4.000,0.007,0
12/3/2022,12/4/2022,3.419,3.412,-0.007,0
2/18/2023,2/19/2023,3.277,3.270,-0.007,0
4/8/2023,4/9/2023,3.262,3.269,0.007,0
4/21/2023,4/22/2023,3.465,3.472,0.007,0
5/13/2023,5/14/2023,3.472,3.479,0.007,0
7/1/2023,7/2/2023,3.708,3.701,-0.007,0
7/6/2023,7/7/2023,3.717,3.710,-0.007,0
7/15/2023,7/16/2023,3.734,3.741,0.007,0
11/30/2023,12/1/2023,3.152,3.145,-0.007,0
12/19/2023,12/20/2023,2.958,2.951,-0.007,0
12/31/2023,1/1/2024,2.945,2.952,0.007,0
1/23/2024,1/24/2024,2.815,2.808,-0.007,0
4/6/2024,4/7/2024,3.572,3.565,-0.007,0
5/4/2024,5/5/2024,3.535,3.528,-0.007,0
5/9/2024,5/10/2024,3.503,3.496,-0.007,0
7/24/2024,7/25/2024,3.535,3.528,-0.007,0
8/21/2024,8/22/2024,3.456,3.449,-0.007,0
9/11/2024,9/12/2024,3.360,3.367,0.007,0
10/9/2024,10/10/2024,3.206,3.199,-0.007,0
1/9/2025,1/10/2025,2.777,2.770,-0.007,0
2/13/2025,2/14/2025,3.054,3.061,0.007,0
2/20/2025,2/21/2025,3.078,3.085,0.007,0
2/27/2025,2/28/2025,3.092,3.085,-0.007,0
4/2/2025,4/3/2025,3.138,3.145,0.007,0
6/26/2025,6/27/2025,3.289,3.282,-0.007,0
7/1/2025,7/3/2025,3.269,3.262,-0.007,0
8/21/2025,8/22/2025,3.223,3.230,0.007,0
9/14/2025,9/15/2025,3.232,3.225,-0.007,0
11/7/2025,11/8/2025,2.987,2.980,-0.007,0
11/19/2025,11/20/2025,2.994,2.987,-0.007,0
12/14/2025,12/16/2025,2.858,2.851,-0.007,0
1/8/2026,1/9/2026,2.753,2.746,-0.007,0
2/12/2026,2/13/2026,2.721,2.728,0.007,0
2/20/2026,2/21/2026,2.729,2.736,0.007,0
2/27/2026,2/28/2026,2.779,2.772,-0.007,0
6/29/2021,6/30/2021,3.091,3.098,0.007,0
11/9/2021,11/11/2021,3.401,3.394,-0.007,0
12/17/2021,12/18/2021,3.370,3.377,0.007,0
12/18/2021,12/19/2021,3.377,3.370,-0.007,0
2/6/2022,2/8/2022,3.390,3.397,0.007,0
2/17/2022,2/18/2022,3.429,3.422,-0.007,0
4/21/2022,4/22/2022,4.088,4.081,-0.007,0
3/8/2023,3/9/2023,3.244,3.251,0.007,0
7/3/2023,7/4/2023,3.719,3.712,-0.007,0
9/16/2023,9/17/2023,4.194,4.187,-0.007,0
1/24/2024,1/25/2024,2.808,2.801,-0.007,0
2/2/2024,2/3/2024,2.870,2.877,0.007,0
3/10/2024,3/12/2024,3.382,3.389,0.007,0
4/9/2024,4/10/2024,3.574,3.567,-0.007,0
4/10/2024,4/11/2024,3.567,3.574,0.007,0
11/9/2024,11/10/2024,3.054,3.047,-0.007,0
5/6/2025,5/7/2025,3.140,3.147,0.007,0
5/7/2025,5/8/2025,3.147,3.140,-0.007,0
8/8/2025,8/9/2025,3.235,3.228,-0.007,0
10/8/2025,10/9/2025,3.075,3.082,0.007,0
12/5/2025,12/6/2025,2.946,2.953,0.007,0
3/21/2021,3/23/2021,2.699,2.705,0.006,0
3/23/2021,3/24/2021,2.705,2.699,-0.006,0
3/24/2021,3/25/2021,2.699,2.705,0.006,0
9/6/2021,9/8/2021,3.307,3.313,0.006,0
9/19/2021,9/21/2021,3.316,3.322,0.006,0
9/22/2021,9/23/2021,3.319,3.325,0.006,0
10/14/2021,10/15/2021,3.389,3.395,0.006,0
10/19/2021,10/20/2021,3.399,3.393,-0.006,0
11/27/2021,11/28/2021,3.395,3.389,-0.006,0
12/14/2021,12/15/2021,3.367,3.373,0.006,0
4/2/2022,4/3/2022,4.059,4.053,-0.006,0
4/13/2022,4/14/2022,4.024,4.018,-0.006,0
5/14/2022,5/15/2022,4.276,4.282,0.006,0
6/23/2022,6/24/2022,4.947,4.953,0.006,0
7/15/2022,7/16/2022,4.777,4.771,-0.006,0
8/13/2022,8/14/2022,4.279,4.273,-0.006,0
8/20/2022,8/21/2022,4.206,4.200,-0.006,0
9/3/2022,9/4/2022,4.005,4.011,0.006,0
9/20/2022,9/21/2022,3.924,3.930,0.006,0
10/10/2022,10/12/2022,4.050,4.044,-0.006,0
10/12/2022,10/13/2022,4.044,4.050,0.006,0
10/19/2022,10/20/2022,4.022,4.016,-0.006,0
12/26/2022,12/27/2022,2.962,2.956,-0.006,0
1/28/2023,1/29/2023,3.227,3.233,0.006,0
2/2/2023,2/3/2023,3.239,3.245,0.006,0
2/15/2023,2/16/2023,3.260,3.266,0.006,0
5/19/2023,5/20/2023,3.537,3.543,0.006,0
7/20/2023,7/21/2023,3.735,3.741,0.006,0
12/24/2023,12/25/2023,2.949,2.955,0.006,0
1/9/2024,1/10/2024,2.892,2.898,0.006,0
5/23/2024,5/24/2024,3.442,3.436,-0.006,0
6/5/2024,6/6/2024,3.418,3.412,-0.006,0
8/2/2024,8/3/2024,3.520,3.514,-0.006,0
9/17/2024,9/18/2024,3.317,3.311,-0.006,0
9/20/2024,9/21/2024,3.291,3.297,0.006,0
9/25/2024,9/26/2024,3.274,3.268,-0.006,0
10/6/2024,10/8/2024,3.212,3.206,-0.006,0
10/17/2024,10/18/2024,3.183,3.189,0.006,0
10/26/2024,10/27/2024,3.181,3.175,-0.006,0
11/27/2024,11/28/2024,2.903,2.897,-0.006,0
1/4/2025,1/5/2025,2.768,2.774,0.006,0
1/28/2025,1/29/2025,2.948,2.954,0.006,0
2/28/2025,3/1/2025,3.085,3.091,0.006,0
4/12/2025,4/13/2025,3.130,3.136,0.006,0
4/17/2025,4/18/2025,3.133,3.127,-0.006,0
9/11/2025,9/12/2025,3.237,3.231,-0.006,0
10/25/2025,10/26/2025,3.014,3.020,0.006,0
11/26/2025,11/27/2025,2.966,2.960,-0.006,0
12/6/2025,12/7/2025,2.953,2.959,0.006,0
3/6/2021,3/7/2021,2.587,2.593,0.006,0
3/12/2021,3/13/2021,2.651,2.645,-0.006,0
5/1/2021,5/2/2021,2.832,2.826,-0.006,0
7/23/2021,7/24/2021,3.197,3.203,0.006,0
8/2/2021,8/4/2021,3.266,3.272,0.006,0
8/18/2021,8/19/2021,3.306,3.312,0.006,0
8/29/2021,8/31/2021,3.312,3.306,-0.006,0
10/9/2021,10/10/2021,3.358,3.364,0.006,0
10/31/2021,11/2/2021,3.395,3.401,0.006,0
11/11/2021,11/13/2021,3.394,3.400,0.006,0
12/11/2021,12/12/2021,3.371,3.377,0.006,0
1/9/2022,1/11/2022,3.368,3.362,-0.006,0
11/25/2022,11/26/2022,3.597,3.591,-0.006,0
1/4/2023,1/5/2023,2.968,2.962,-0.006,0
3/28/2023,3/29/2023,3.164,3.170,0.006,0
6/6/2023,6/7/2023,3.648,3.654,0.006,0
6/8/2023,6/9/2023,3.674,3.668,-0.006,0
9/3/2023,9/4/2023,3.986,3.992,0.006,0
1/12/2024,1/13/2024,2.871,2.877,0.006,0
3/28/2024,3/29/2024,3.573,3.567,-0.006,0
4/2/2024,4/3/2024,3.572,3.578,0.006,0
5/10/2024,5/11/2024,3.496,3.490,-0.006,0
6/27/2024,6/28/2024,3.445,3.439,-0.006,0
8/13/2024,8/14/2024,3.514,3.508,-0.006,0
9/18/2024,9/19/2024,3.311,3.305,-0.006,0
11/14/2024,11/15/2024,3.000,2.994,-0.006,0
11/20/2024,11/21/2024,2.961,2.955,-0.006,0
3/11/2025,3/12/2025,3.099,3.105,0.006,0
3/22/2025,3/23/2025,3.088,3.094,0.006,0
4/24/2025,4/25/2025,3.136,3.142,0.006,0
5/19/2025,5/21/2025,3.163,3.157,-0.006,0
7/8/2025,7/9/2025,3.253,3.259,0.006,0
7/15/2025,7/16/2025,3.258,3.264,0.006,0
11/22/2025,11/23/2025,2.986,2.992,0.006,0
12/13/2025,12/14/2025,2.864,2.858,-0.006,0
1/3/2026,1/4/2026,2.760,2.754,-0.006,0
1/9/2026,1/10/2026,2.746,2.740,-0.006,0
4/22/2022,4/23/2022,4.081,4.087,0.006,0
10/18/2022,10/19/2022,4.028,4.022,-0.006,0
4/9/2021,4/10/2021,2.719,2.724,0.005,0
5/28/2021,5/29/2021,2.938,2.933,-0.005,0
10/28/2021,10/29/2021,3.393,3.398,0.005,0
6/13/2023,6/14/2023,3.695,3.700,0.005,0
1/26/2024,1/27/2024,2.805,2.800,-0.005,0
5/19/2024,5/20/2024,3.449,3.454,0.005,0
5/28/2024,5/29/2024,3.425,3.430,0.005,0
7/26/2024,7/27/2024,3.530,3.535,0.005,0
11/15/2024,11/16/2024,2.994,2.989,-0.005,0
4/23/2025,4/24/2025,3.131,3.136,0.005,0
6/25/2025,6/26/2025,3.284,3.289,0.005,0
1/18/2026,1/20/2026,2.728,2.723,-0.005,0
2/4/2026,2/5/2026,2.719,2.724,0.005,0
3/16/2021,3/17/2021,2.675,2.670,-0.005,0
5/6/2021,5/7/2021,2.853,2.858,0.005,0
7/13/2021,7/14/2021,3.188,3.193,0.005,0
8/14/2021,8/15/2021,3.307,3.312,0.005,0
8/19/2021,8/20/2021,3.312,3.307,-0.005,0
9/14/2021,9/15/2021,3.318,3.313,-0.005,0
10/15/2021,10/16/2021,3.395,3.390,-0.005,0
10/16/2021,10/17/2021,3.390,3.395,0.005,0
11/18/2021,11/19/2021,3.405,3.400,-0.005,0
12/23/2021,12/24/2021,3.374,3.369,-0.005,0
12/31/2021,1/1/2022,3.361,3.366,0.005,0
1/7/2022,1/8/2022,3.367,3.372,0.005,0
1/25/2022,1/26/2022,3.371,3.376,0.005,0
3/10/2022,3/11/2022,4.013,4.008,-0.005,0
3/29/2022,3/30/2022,4.077,4.082,0.005,0
6/16/2022,6/17/2022,4.970,4.975,0.005,0
6/17/2022,6/18/2022,4.975,4.970,-0.005,0
6/26/2022,6/28/2022,4.948,4.953,0.005,0
10/1/2022,10/2/2022,3.934,3.939,0.005,0
11/10/2022,11/11/2022,3.839,3.834,-0.005,0
2/1/2023,2/2/2023,3.234,3.239,0.005,0
2/23/2023,2/24/2023,3.266,3.261,-0.005,0
4/6/2023,4/7/2023,3.247,3.252,0.005,0
5/2/2023,5/3/2023,3.470,3.475,0.005,0
5/11/2023,5/12/2023,3.471,3.476,0.005,0
6/27/2023,6/28/2023,3.688,3.693,0.005,0
6/29/2023,6/30/2023,3.704,3.709,0.005,0
7/9/2023,7/11/2023,3.705,3.700,-0.005,0
7/12/2023,7/13/2023,3.710,3.715,0.005,0
7/28/2023,7/29/2023,3.842,3.837,-0.005,0
9/26/2023,9/27/2023,4.176,4.171,-0.005,0
9/30/2023,10/1/2023,4.094,4.089,-0.005,0
12/1/2023,12/2/2023,3.145,3.140,-0.005,0
12/17/2023,12/19/2023,2.963,2.958,-0.005,0
2/10/2024,2/11/2024,2.963,2.958,-0.005,0
3/7/2024,3/8/2024,3.369,3.374,0.005,0
3/22/2024,3/23/2024,3.545,3.540,-0.005,0
4/5/2024,4/6/2024,3.577,3.572,-0.005,0
4/16/2024,4/17/2024,3.574,3.569,-0.005,0
5/17/2024,5/18/2024,3.456,3.451,-0.005,0
5/24/2024,5/25/2024,3.436,3.431,-0.005,0
8/1/2024,8/2/2024,3.515,3.520,0.005,0
8/20/2024,8/21/2024,3.461,3.456,-0.005,0
8/22/2024,8/23/2024,3.449,3.444,-0.005,0
8/28/2024,8/29/2024,3.419,3.424,0.005,0
10/23/2024,10/24/2024,3.181,3.186,0.005,0
11/2/2024,11/3/2024,3.096,3.091,-0.005,0
11/5/2024,11/6/2024,3.077,3.072,-0.005,0
11/16/2024,11/17/2024,2.989,2.984,-0.005,0
11/23/2024,11/24/2024,2.935,2.930,-0.005,0
12/11/2024,12/12/2024,2.786,2.781,-0.005,0
3/25/2025,3/26/2025,3.109,3.104,-0.005,0
3/28/2025,3/29/2025,3.105,3.110,0.005,0
5/24/2025,5/25/2025,3.173,3.178,0.005,0
6/18/2025,6/19/2025,3.259,3.264,0.005,0
6/20/2025,6/21/2025,3.261,3.266,0.005,0
9/23/2025,9/24/2025,3.158,3.163,0.005,0
10/30/2025,10/31/2025,2.998,3.003,0.005,0
11/30/2025,12/2/2025,2.959,2.954,-0.005,0
12/20/2025,12/21/2025,2.831,2.836,0.005,0
12/27/2025,12/28/2025,2.783,2.788,0.005,0
1/4/2026,1/6/2026,2.754,2.759,0.005,0
1/15/2026,1/16/2026,2.721,2.726,0.005,0
1/23/2026,1/24/2026,2.709,2.714,0.005,0
2/16/2026,2/18/2026,2.727,2.722,-0.005,0
8/12/2022,8/13/2022,4.283,4.279,-0.004,0
9/4/2022,9/5/2022,4.011,4.007,-0.004,0
9/23/2023,9/24/2023,4.172,4.176,0.004,0
4/2/2021,4/3/2021,2.709,2.713,0.004,0
5/4/2021,5/5/2021,2.845,2.849,0.004,0
5/5/2021,5/6/2021,2.849,2.853,0.004,0
5/13/2021,5/14/2021,2.897,2.893,-0.004,0
5/14/2021,5/15/2021,2.893,2.897,0.004,0
5/18/2021,5/19/2021,2.907,2.903,-0.004,0
5/20/2021,5/21/2021,2.919,2.915,-0.004,0
5/23/2021,5/24/2021,2.919,2.923,0.004,0
6/4/2021,6/5/2021,2.957,2.953,-0.004,0
7/14/2021,7/15/2021,3.193,3.197,0.004,0
7/20/2021,7/21/2021,3.206,3.210,0.004,0
8/13/2021,8/14/2021,3.311,3.307,-0.004,0
8/26/2021,8/27/2021,3.290,3.294,0.004,0
8/27/2021,8/28/2021,3.294,3.298,0.004,0
9/9/2021,9/10/2021,3.304,3.308,0.004,0
9/30/2021,10/2/2021,3.349,3.345,-0.004,0
10/8/2021,10/9/2021,3.362,3.358,-0.004,0
10/17/2021,10/19/2021,3.395,3.399,0.004,0
12/9/2021,12/10/2021,3.383,3.387,0.004,0
12/15/2021,12/16/2021,3.373,3.369,-0.004,0
12/19/2021,12/21/2021,3.370,3.374,0.004,0
1/5/2022,1/6/2022,3.363,3.359,-0.004,0
1/8/2022,1/9/2022,3.372,3.368,-0.004,0
1/18/2022,1/19/2022,3.365,3.369,0.004,0
1/28/2022,1/29/2022,3.375,3.379,0.004,0
2/8/2022,2/9/2022,3.397,3.401,0.004,0
2/13/2022,2/15/2022,3.416,3.420,0.004,0
2/26/2022,2/27/2022,3.446,3.450,0.004,0
3/19/2022,3/20/2022,4.000,3.996,-0.004,0
9/16/2022,9/17/2022,3.896,3.900,0.004,0
11/3/2022,11/4/2022,3.860,3.864,0.004,0
11/11/2022,11/12/2022,3.834,3.830,-0.004,0
2/9/2023,2/10/2023,3.230,3.234,0.004,0
2/11/2023,2/12/2023,3.242,3.238,-0.004,0
3/2/2023,3/3/2023,3.243,3.239,-0.004,0
3/14/2023,3/15/2023,3.240,3.236,-0.004,0
3/23/2023,3/24/2023,3.174,3.178,0.004,0
5/3/2023,5/4/2023,3.475,3.471,-0.004,0
5/12/2023,5/13/2023,3.476,3.472,-0.004,0
7/7/2023,7/8/2023,3.710,3.714,0.004,0
8/25/2023,8/26/2023,3.982,3.986,0.004,0
8/26/2023,8/27/2023,3.986,3.990,0.004,0
9/4/2023,9/6/2023,3.992,3.988,-0.004,0
10/13/2023,10/14/2023,3.916,3.912,-0.004,0
11/16/2023,11/17/2023,3.329,3.333,0.004,0
12/2/2023,12/3/2023,3.140,3.136,-0.004,0
1/25/2024,1/26/2024,2.801,2.805,0.004,0
2/24/2024,2/25/2024,3.162,3.158,-0.004,0
3/8/2024,3/9/2024,3.374,3.378,0.004,0
3/9/2024,3/10/2024,3.378,3.382,0.004,0
4/14/2024,4/16/2024,3.578,3.574,-0.004,0
4/18/2024,4/19/2024,3.583,3.579,-0.004,0
4/24/2024,4/25/2024,3.543,3.539,-0.004,0
5/2/2024,5/3/2024,3.528,3.524,-0.004,0
5/12/2024,5/14/2024,3.467,3.463,-0.004,0
6/4/2024,6/5/2024,3.414,3.418,0.004,0
6/19/2024,6/20/2024,3.385,3.381,-0.004,0
9/1/2024,9/2/2024,3.420,3.424,0.004,0
10/24/2024,10/25/2024,3.186,3.182,-0.004,0
10/31/2024,11/1/2024,3.100,3.096,-0.004,0
12/13/2024,12/14/2024,2.782,2.786,0.004,0
12/18/2024,12/19/2024,2.753,2.757,0.004,0
12/19/2024,12/20/2024,2.757,2.753,-0.004,0
1/21/2025,1/22/2025,2.907,2.911,0.004,0
1/24/2025,1/25/2025,2.919,2.923,0.004,0
1/30/2025,1/31/2025,2.971,2.967,-0.004,0
2/15/2025,2/16/2025,3.052,3.048,-0.004,0
2/21/2025,2/22/2025,3.085,3.089,0.004,0
3/1/2025,3/2/2025,3.091,3.087,-0.004,0
3/2/2025,3/4/2025,3.087,3.091,0.004,0
4/8/2025,4/9/2025,3.144,3.148,0.004,0
4/15/2025,4/16/2025,3.147,3.143,-0.004,0
5/28/2025,5/29/2025,3.195,3.199,0.004,0
7/20/2025,7/22/2025,3.244,3.240,-0.004,0
7/25/2025,7/26/2025,3.250,3.246,-0.004,0
7/29/2025,7/30/2025,3.236,3.240,0.004,0
8/4/2025,8/6/2025,3.225,3.221,-0.004,0
8/29/2025,8/30/2025,3.226,3.222,-0.004,0
9/1/2025,9/3/2025,3.246,3.250,0.004,0
9/7/2025,9/9/2025,3.232,3.228,-0.004,0
9/16/2025,9/17/2025,3.223,3.227,0.004,0
10/11/2025,10/12/2025,3.068,3.072,0.004,0
10/12/2025,10/13/2025,3.072,3.076,0.004,0
11/28/2025,11/29/2025,2.952,2.956,0.004,0
12/30/2025,12/31/2025,2.786,2.782,-0.004,0
1/13/2026,1/14/2026,2.725,2.721,-0.004,0
1/16/2026,1/17/2026,2.726,2.730,0.004,0
1/28/2026,1/29/2026,2.703,2.699,-0.004,0
2/13/2026,2/14/2026,2.728,2.724,-0.004,0
2/14/2026,2/15/2026,2.724,2.728,0.004,0
4/7/2022,4/8/2022,4.042,4.038,-0.004,0
7/3/2022,7/5/2022,4.921,4.925,0.004,0
8/19/2022,8/20/2022,4.210,4.206,-0.004,0
9/21/2023,9/22/2023,4.176,4.180,0.004,0
3/10/2021,3/11/2021,2.640,2.637,-0.003,0
4/3/2021,4/4/2021,2.713,2.716,0.003,0
4/29/2021,4/30/2021,2.814,2.817,0.003,0
5/24/2021,5/26/2021,2.923,2.926,0.003,0
6/15/2021,6/16/2021,3.011,3.008,-0.003,0
7/18/2021,7/20/2021,3.209,3.206,-0.003,0
7/21/2021,7/22/2021,3.210,3.213,0.003,0
7/29/2021,7/30/2021,3.242,3.245,0.003,0
8/11/2021,8/12/2021,3.298,3.301,0.003,0
9/21/2021,9/22/2021,3.322,3.319,-0.003,0
10/5/2021,10/6/2021,3.359,3.356,-0.003,0
11/7/2021,11/9/2021,3.404,3.401,-0.003,0
11/20/2021,11/21/2021,3.398,3.395,-0.003,0
12/7/2021,12/8/2021,3.371,3.368,-0.003,0
1/3/2022,1/5/2022,3.366,3.363,-0.003,0
1/13/2022,1/14/2022,3.363,3.366,0.003,0
1/16/2022,1/18/2022,3.362,3.365,0.003,0
2/9/2022,2/10/2022,3.401,3.404,0.003,0
2/15/2022,2/16/2022,3.420,3.417,-0.003,0
2/20/2022,2/21/2022,3.431,3.428,-0.003,0
2/21/2022,2/23/2022,3.428,3.425,-0.003,0
3/11/2022,3/12/2022,4.008,4.011,0.003,0
3/12/2022,3/13/2022,4.011,4.014,0.003,0
3/30/2022,3/31/2022,4.082,4.079,-0.003,0
6/19/2022,6/21/2022,4.961,4.964,0.003,0
6/21/2022,6/22/2022,4.964,4.961,-0.003,0
6/28/2022,6/29/2022,4.953,4.956,0.003,0
7/8/2022,7/9/2022,4.892,4.889,-0.003,0
9/18/2022,9/20/2022,3.927,3.924,-0.003,0
10/7/2022,10/8/2022,4.045,4.048,0.003,0
10/13/2022,10/14/2022,4.050,4.053,0.003,0
11/9/2022,11/10/2022,3.842,3.839,-0.003,0
12/10/2022,12/11/2022,3.170,3.167,-0.003,0
1/2/2023,1/4/2023,2.971,2.968,-0.003,0
1/21/2023,1/22/2023,3.130,3.133,0.003,0
1/29/2023,1/31/2023,3.233,3.236,0.003,0
2/3/2023,2/4/2023,3.245,3.248,0.003,0
3/9/2023,3/10/2023,3.251,3.254,0.003,0
3/11/2023,3/12/2023,3.253,3.250,-0.003,0
4/19/2023,4/20/2023,3.454,3.451,-0.003,0
4/25/2023,4/26/2023,3.471,3.474,0.003,0
4/26/2023,4/27/2023,3.474,3.471,-0.003,0
4/28/2023,4/29/2023,3.482,3.479,-0.003,0
5/4/2023,5/5/2023,3.471,3.474,0.003,0
7/4/2023,7/5/2023,3.712,3.709,-0.003,0
12/28/2023,12/29/2023,2.953,2.956,0.003,0
4/13/2024,4/14/2024,3.581,3.578,-0.003,0
4/27/2024,4/28/2024,3.536,3.539,0.003,0
6/18/2024,6/19/2024,3.388,3.385,-0.003,0
7/3/2024,7/4/2024,3.476,3.479,0.003,0
7/30/2024,7/31/2024,3.520,3.517,-0.003,0
10/16/2024,10/17/2024,3.186,3.183,-0.003,0
10/18/2024,10/19/2024,3.189,3.186,-0.003,0
10/22/2024,10/23/2024,3.178,3.181,0.003,0
12/31/2024,1/1/2025,2.740,2.737,-0.003,0
1/5/2025,1/7/2025,2.774,2.777,0.003,0
1/14/2025,1/15/2025,2.819,2.822,0.003,0
2/2/2025,2/4/2025,2.981,2.984,0.003,0
3/18/2025,3/19/2025,3.072,3.075,0.003,0
4/30/2025,5/1/2025,3.157,3.160,0.003,0
5/14/2025,5/15/2025,3.160,3.157,-0.003,0
5/22/2025,5/23/2025,3.179,3.182,0.003,0
6/4/2025,6/5/2025,3.186,3.189,0.003,0
11/2/2025,11/4/2025,3.000,2.997,-0.003,0
11/5/2025,11/6/2025,2.985,2.988,0.003,0
11/29/2025,11/30/2025,2.956,2.959,0.003,0
12/2/2025,12/3/2025,2.954,2.951,-0.003,0
12/4/2025,12/5/2025,2.943,2.946,0.003,0
12/17/2025,12/18/2025,2.842,2.839,-0.003,0
1/6/2026,1/7/2026,2.759,2.762,0.003,0
2/18/2026,2/19/2026,2.722,2.719,-0.003,0
2/25/2026,2/26/2026,2.770,2.767,-0.003,0
4/8/2021,4/9/2021,2.716,2.719,0.003,0
10/20/2021,10/21/2021,3.393,3.390,-0.003,0
11/16/2021,11/17/2021,3.402,3.405,0.003,0
12/24/2021,12/25/2021,3.369,3.372,0.003,0
2/1/2022,2/2/2022,3.385,3.382,-0.003,0
2/5/2022,2/6/2022,3.393,3.390,-0.003,0
9/21/2022,9/22/2022,3.930,3.933,0.003,0
12/16/2022,12/17/2022,3.014,3.011,-0.003,0
1/7/2023,1/8/2023,2.978,2.981,0.003,0
2/5/2023,2/7/2023,3.228,3.231,0.003,0
5/7/2023,5/9/2023,3.473,3.470,-0.003,0
1/18/2024,1/19/2024,2.848,2.845,-0.003,0
6/7/2024,6/8/2024,3.398,3.401,0.003,0
6/29/2024,6/30/2024,3.438,3.441,0.003,0
7/6/2024,7/7/2024,3.499,3.502,0.003,0
8/25/2024,8/27/2024,3.441,3.438,-0.003,0
11/8/2024,11/9/2024,3.051,3.054,0.003,0
3/13/2025,3/14/2025,3.094,3.091,-0.003,0
6/19/2025,6/20/2025,3.264,3.261,-0.003,0
8/28/2022,8/30/2022,4.100,4.097,-0.003,0
7/22/2022,7/23/2022,4.631,4.629,-0.002,0
4/13/2021,4/14/2021,2.723,2.725,0.002,0
4/24/2021,4/25/2021,2.792,2.794,0.002,0
7/27/2021,7/28/2021,3.233,3.231,-0.002,0
7/31/2021,8/1/2021,3.255,3.257,0.002,0
8/8/2021,8/10/2021,3.283,3.285,0.002,0
1/1/2022,1/2/2022,3.366,3.364,-0.002,0
1/2/2022,1/3/2022,3.364,3.366,0.002,0
2/10/2022,2/11/2022,3.404,3.406,0.002,0
3/15/2022,3/17/2022,3.995,3.993,-0.002,0
9/13/2022,9/14/2022,3.921,3.923,0.002,0
12/21/2022,12/22/2022,2.976,2.978,0.002,0
1/27/2023,1/28/2023,3.229,3.227,-0.002,0
1/31/2023,2/1/2023,3.236,3.234,-0.002,0
2/19/2023,2/20/2023,3.270,3.268,-0.002,0
5/20/2023,5/21/2023,3.543,3.541,-0.002,0
6/9/2023,6/10/2023,3.668,3.666,-0.002,0
6/10/2023,6/11/2023,3.666,3.668,0.002,0
6/22/2023,6/23/2023,3.701,3.699,-0.002,0
7/14/2023,7/15/2023,3.736,3.734,-0.002,0
7/25/2023,7/26/2023,3.792,3.794,0.002,0
8/27/2023,8/29/2023,3.990,3.988,-0.002,0
3/21/2024,3/22/2024,3.547,3.545,-0.002,0
3/27/2024,3/28/2024,3.575,3.573,-0.002,0
5/7/2024,5/8/2024,3.504,3.502,-0.002,0
5/18/2024,5/19/2024,3.451,3.449,-0.002,0
6/8/2024,6/9/2024,3.401,3.403,0.002,0
6/11/2024,6/12/2024,3.372,3.374,0.002,0
7/13/2024,7/14/2024,3.540,3.538,-0.002,0
7/23/2024,7/24/2024,3.533,3.535,0.002,0
8/10/2024,8/11/2024,3.501,3.503,0.002,0
8/15/2024,8/16/2024,3.497,3.499,0.002,0
8/29/2024,8/30/2024,3.424,3.426,0.002,0
9/27/2024,9/28/2024,3.254,3.252,-0.002,0
10/19/2024,10/20/2024,3.186,3.188,0.002,0
6/12/2025,6/13/2025,3.211,3.213,0.002,0
7/22/2025,7/23/2025,3.240,3.238,-0.002,0
9/15/2025,9/16/2025,3.225,3.223,-0.002,0
10/10/2025,10/11/2025,3.066,3.068,0.002,0
10/15/2025,10/16/2025,3.063,3.061,-0.002,0
12/12/2025,12/13/2025,2.866,2.864,-0.002,0
12/24/2025,12/25/2025,2.800,2.802,0.002,0
12/31/2025,1/1/2026,2.782,2.780,-0.002,0
1/21/2026,1/22/2026,2.713,2.711,-0.002,0
3/13/2021,3/14/2021,2.645,2.647,0.002,0
3/20/2021,3/21/2021,2.697,2.699,0.002,0
4/28/2021,4/29/2021,2.816,2.814,-0.002,0
6/25/2021,6/26/2021,3.064,3.066,0.002,0
9/26/2021,9/28/2021,3.333,3.335,0.002,0
10/22/2021,10/23/2021,3.405,3.403,-0.002,0
11/19/2021,11/20/2021,3.400,3.398,-0.002,0
11/28/2021,11/30/2021,3.389,3.387,-0.002,0
2/2/2022,2/3/2022,3.382,3.384,0.002,0
2/24/2022,2/25/2022,3.441,3.439,-0.002,0
4/3/2022,4/5/2022,4.053,4.051,-0.002,0
4/5/2022,4/6/2022,4.051,4.049,-0.002,0
4/12/2022,4/13/2022,4.026,4.024,-0.002,0
4/23/2022,4/24/2022,4.087,4.085,-0.002,0
4/24/2022,4/26/2022,4.085,4.083,-0.002,0
6/29/2022,6/30/2022,4.956,4.958,0.002,0
7/30/2022,7/31/2022,4.422,4.420,-0.002,0
12/17/2022,12/18/2022,3.011,3.013,0.002,0
6/2/2023,6/3/2023,3.641,3.643,0.002,0
8/7/2023,8/8/2023,3.950,3.952,0.002,0
9/1/2023,9/2/2023,3.983,3.985,0.002,0
12/21/2023,12/22/2023,2.959,2.961,0.002,0
4/11/2024,4/12/2024,3.574,3.572,-0.002,0
4/26/2024,4/27/2024,3.538,3.536,-0.002,0
5/29/2024,5/30/2024,3.430,3.432,0.002,0
7/14/2024,7/16/2024,3.538,3.536,-0.002,0
7/17/2024,7/18/2024,3.521,3.519,-0.002,0
7/25/2024,7/26/2024,3.528,3.530,0.002,0
7/31/2024,8/1/2024,3.517,3.515,-0.002,0
8/3/2024,8/4/2024,3.514,3.512,-0.002,0
8/5/2024,8/7/2024,3.503,3.505,0.002,0
9/4/2024,9/5/2024,3.394,3.396,0.002,0
9/5/2024,9/6/2024,3.396,3.394,-0.002,0
11/29/2024,11/30/2024,2.889,2.887,-0.002,0
2/1/2025,2/2/2025,2.979,2.981,0.002,0
3/14/2025,3/15/2025,3.091,3.093,0.002,0
3/29/2025,3/30/2025,3.110,3.108,-0.002,0
4/10/2025,4/11/2025,3.148,3.150,0.002,0
6/6/2025,6/7/2025,3.188,3.190,0.002,0
10/7/2025,10/8/2025,3.077,3.075,-0.002,0
10/22/2025,10/23/2025,3.021,3.019,-0.002,0
11/1/2025,11/2/2025,3.002,3.000,-0.002,0
11/15/2025,11/16/2025,2.997,2.995,-0.002,0
11/21/2025,11/22/2025,2.988,2.986,-0.002,0
11/25/2025,11/26/2025,2.968,2.966,-0.002,0
12/28/2025,12/30/2025,2.788,2.786,-0.002,0
1/17/2026,1/18/2026,2.730,2.728,-0.002,0
1/22/2026,1/23/2026,2.711,2.709,-0.002,0
1/24/2026,1/25/2026,2.714,2.712,-0.002,0
2/24/2026,2/25/2026,2.772,2.770,-0.002,0
5/27/2021,5/28/2021,2.937,2.938,0.001,0
6/11/2021,6/12/2021,2.966,2.965,-0.001,0
8/15/2021,8/17/2021,3.312,3.313,0.001,0
10/13/2021,10/14/2021,3.390,3.389,-0.001,0
11/2/2021,11/3/2021,3.401,3.402,0.001,0
4/8/2022,4/9/2022,4.038,4.037,-0.001,0
9/10/2022,9/11/2022,3.953,3.954,0.001,0
3/1/2023,3/2/2023,3.244,3.243,-0.001,0
3/5/2023,3/7/2023,3.244,3.243,-0.001,0
3/7/2023,3/8/2023,3.243,3.244,0.001,0
6/23/2023,6/24/2023,3.699,3.700,0.001,0
6/25/2023,6/27/2023,3.687,3.688,0.001,0
9/2/2023,9/3/2023,3.985,3.986,0.001,0
9/14/2023,9/15/2023,4.187,4.186,-0.001,0
11/29/2023,11/30/2023,3.151,3.152,0.001,0
12/30/2023,12/31/2023,2.946,2.945,-0.001,0
4/20/2024,4/21/2024,3.571,3.570,-0.001,0
4/25/2024,4/26/2024,3.539,3.538,-0.001,0
5/8/2024,5/9/2024,3.502,3.503,0.001,0
5/20/2024,5/22/2024,3.454,3.453,-0.001,0
9/6/2024,9/7/2024,3.394,3.393,-0.001,0
9/13/2024,9/14/2024,3.357,3.356,-0.001,0
10/2/2024,10/3/2024,3.220,3.219,-0.001,0
3/6/2025,3/7/2025,3.122,3.123,0.001,0
6/24/2025,6/25/2025,3.285,3.284,-0.001,0
10/28/2025,10/29/2025,3.010,3.011,0.001,0
10/31/2025,11/1/2025,3.003,3.002,-0.001,0
2/15/2026,2/16/2026,2.728,2.727,-0.001,0
3/25/2021,3/26/2021,2.705,2.704,-0.001,0
3/31/2021,4/1/2021,2.718,2.719,0.001,0
5/29/2021,5/30/2021,2.933,2.932,-0.001,0
7/8/2021,7/9/2021,3.169,3.168,-0.001,0
7/17/2021,7/18/2021,3.210,3.209,-0.001,0
9/11/2021,9/12/2021,3.308,3.307,-0.001,0
10/2/2021,10/3/2021,3.345,3.346,0.001,0
10/7/2021,10/8/2021,3.363,3.362,-0.001,0
11/3/2021,11/6/2021,3.402,3.403,0.001,0
11/6/2021,11/7/2021,3.403,3.404,0.001,0
12/16/2021,12/17/2021,3.369,3.370,0.001,0
2/11/2022,2/12/2022,3.406,3.407,0.001,0
2/18/2022,2/19/2022,3.422,3.423,0.001,0
10/28/2022,10/29/2022,3.903,3.902,-0.001,0
11/4/2022,11/5/2022,3.864,3.863,-0.001,0
12/30/2022,12/31/2022,2.959,2.960,0.001,0
1/1/2023,1/2/2023,2.970,2.971,0.001,0
1/26/2023,1/27/2023,3.228,3.229,0.001,0
2/17/2023,2/18/2023,3.278,3.277,-0.001,0
2/20/2023,2/22/2023,3.268,3.267,-0.001,0
2/22/2023,2/23/2023,3.267,3.266,-0.001,0
3/10/2023,3/11/2023,3.254,3.253,-0.001,0
3/21/2023,3/22/2023,3.183,3.182,-0.001,0
4/29/2023,4/30/2023,3.479,3.480,0.001,0
6/20/2023,6/21/2023,3.703,3.702,-0.001,0
6/21/2023,6/22/2023,3.702,3.701,-0.001,0
6/30/2023,7/1/2023,3.709,3.708,-0.001,0
8/22/2023,8/23/2023,3.983,3.982,-0.001,0
10/6/2023,10/7/2023,3.998,3.999,0.001,0
11/22/2023,11/23/2023,3.234,3.235,0.001,0
12/3/2023,12/5/2023,3.136,3.137,0.001,0
12/22/2023,12/23/2023,2.961,2.960,-0.001,0
1/6/2024,1/7/2024,2.919,2.918,-0.001,0
2/1/2024,2/2/2024,2.871,2.870,-0.001,0
2/21/2024,2/22/2024,3.148,3.149,0.001,0
2/22/2024,2/23/2024,3.149,3.148,-0.001,0
4/3/2024,4/4/2024,3.578,3.577,-0.001,0
6/28/2024,6/29/2024,3.439,3.438,-0.001,0
7/4/2024,7/5/2024,3.479,3.478,-0.001,0
7/10/2024,7/11/2024,3.523,3.524,0.001,0
7/20/2024,7/21/2024,3.522,3.521,-0.001,0
9/24/2024,9/25/2024,3.275,3.274,-0.001,0
10/25/2024,10/26/2024,3.182,3.181,-0.001,0
12/12/2024,12/13/2024,2.781,2.782,0.001,0
12/20/2024,12/21/2024,2.753,2.754,0.001,0
1/22/2025,1/23/2025,2.911,2.910,-0.001,0
4/3/2025,4/4/2025,3.145,3.146,0.001,0
4/20/2025,4/22/2025,3.124,3.123,-0.001,0
4/29/2025,4/30/2025,3.158,3.157,-0.001,0
5/17/2025,5/18/2025,3.174,3.173,-0.001,0
5/25/2025,5/27/2025,3.178,3.179,0.001,0
5/29/2025,5/30/2025,3.199,3.198,-0.001,0
6/5/2025,6/6/2025,3.189,3.188,-0.001,0
6/13/2025,6/14/2025,3.213,3.212,-0.001,0
7/23/2025,7/24/2025,3.238,3.239,0.001,0
7/26/2025,7/27/2025,3.246,3.247,0.001,0
8/1/2025,8/2/2025,3.249,3.248,-0.001,0
8/7/2025,8/8/2025,3.234,3.235,0.001,0
8/16/2025,8/17/2025,3.232,3.233,0.001,0
11/6/2025,11/7/2025,2.988,2.987,-0.001,0
11/11/2025,11/13/2025,2.983,2.984,0.001,0
11/13/2025,11/14/2025,2.984,2.983,-0.001,0
11/20/2025,11/21/2025,2.987,2.988,0.001,0
1/27/2026,1/28/2026,2.702,2.703,0.001,0
1/30/2026,1/31/2026,2.710,2.711,0.001,0
2/3/2026,2/4/2026,2.718,2.719,0.001,0
2/11/2026,2/12/2026,2.722,2.721,-0.001,0
4/15/2022,4/16/2022,4.035,4.036,0.001,0
4/16/2022,4/17/2022,4.036,4.035,-0.001,0
4/4/2021,4/6/2021,2.716,2.716,0.000,0
4/6/2021,4/7/2021,2.716,2.716,0.000,0
4/7/2021,4/8/2021,2.716,2.716,0.000,0
4/15/2021,4/16/2021,2.732,2.732,0.000,0
6/5/2021,6/6/2021,2.953,2.953,0.000,0
7/7/2021,7/8/2021,3.169,3.169,0.000,0
7/16/2021,7/17/2021,3.210,3.210,0.000,0
8/4/2021,8/5/2021,3.272,3.272,0.000,0
9/10/2021,9/11/2021,3.308,3.308,0.000,0
11/17/2021,11/18/2021,3.405,3.405,0.000,0
11/23/2021,11/24/2021,3.388,3.388,0.000,0
2/4/2022,2/5/2022,3.393,3.393,0.000,0
7/9/2022,7/10/2022,4.889,4.889,0.000,0
2/25/2023,2/26/2023,3.244,3.244,0.000,0
8/17/2023,8/18/2023,3.995,3.995,0.000,0
9/24/2023,9/26/2023,4.176,4.176,0.000,0
10/21/2023,10/22/2023,3.878,3.878,0.000,0
10/28/2023,10/29/2023,3.721,3.721,0.000,0
1/13/2024,1/14/2024,2.877,2.877,0.000,0
3/29/2024,3/30/2024,3.567,3.567,0.000,0
4/4/2024,4/5/2024,3.577,3.577,0.000,0
6/1/2024,6/2/2024,3.437,3.437,0.000,0
7/27/2024,7/28/2024,3.535,3.535,0.000,0
9/10/2024,9/11/2024,3.360,3.360,0.000,0
10/8/2024,10/9/2024,3.206,3.206,0.000,0
11/1/2024,11/2/2024,3.096,3.096,0.000,0
11/7/2024,11/8/2024,3.051,3.051,0.000,0
12/3/2024,12/4/2024,2.861,2.861,0.000,0
12/6/2024,12/7/2024,2.830,2.830,0.000,0
2/5/2025,2/6/2025,2.992,2.992,0.000,0
4/6/2025,4/8/2025,3.144,3.144,0.000,0
4/9/2025,4/10/2025,3.148,3.148,0.000,0
5/8/2025,5/9/2025,3.140,3.140,0.000,0
5/9/2025,5/10/2025,3.140,3.140,0.000,0
5/16/2025,5/17/2025,3.174,3.174,0.000,0
8/31/2025,9/1/2025,3.246,3.246,0.000,0
9/3/2025,9/4/2025,3.250,3.250,0.000,0
9/9/2025,9/10/2025,3.228,3.228,0.000,0
10/17/2025,10/18/2025,3.048,3.048,0.000,0
1/14/2026,1/15/2026,2.721,2.721,0.000,0
